url,label
https://gallerymedia.com/,0
https://travelinc.com/,0
http://31.220.111.56/,1
https://kartograph.org/,0
https://qdlib.net/,0
https://bayfiles.net/,0
http://cellusconections.info/,1
https://toptouristparks.com.au/,0
http://www.herbertundschnipsi.de/,1
https://calvinandhobbes.com/,0
https://flets-members.jp/,0
https://cliggo.com/,0
https://orologidiclasse.com/,0
https://miktd7.com/,0
https://arrowcomputers.com.au/,0
https://carmarthenjournal.co.uk/,0
https://curatedkravet.com/,0
https://forbidden-porn.eu/,0
https://huren.nl/,0
https://aldi.be/,0
https://webmarketinggroup.co.uk/,0
https://zooline.ru/,0
https://blueco.com.tw/,0
https://buoyweather.com/,0
https://rebel-esprit.myshopify.com/,0
https://morrodesaopaulobahiabrasil.com/,0
https://serviciosdecristaleria.wordpress.com/,0
https://tabisland.ne.jp/,0
https://tasteforlife.com.tw/,0
https://woman-elanvital.com/,0
https://perspectives.org/,0
https://vrabotuvanje.com.mk/,0
https://yahoo.co.uk/,0
http://www.rustmaster.com.br/,1
https://clicky.me/,0
https://edcilindia.co.in/,0
https://modemfiles.blogspot.com/,0
https://voyeursexfilms.com/,0
https://autogallery.org.ru/,0
https://gamedistribution.com/,0
https://adw.im/,0
https://ibb.com/,0
https://makkah-now.com/,0
http://j8x.96.lt/,1
https://porkypost.com/,0
https://optikdodomu.cz/,0
https://frugalqueen.co.uk/,0
https://fcdinamo.ge/,0
https://eriefcu.org/,0
https://laorotava.es/,0
https://onbirim.com/,0
https://bie-paris.org/,0
https://fw.tmall.com/,0
https://24khabar.com/,0
https://fantv.se/,0
https://fooddonelight.com/,0
https://streamcomplet.org/,0
https://repetto.com/,0
https://marketingadept.com/,0
https://35.com/,0
https://unirop.com/,0
http://owa1.everettwa.gov/,1
http://aboutus.in/,1
https://pintsizedtreasures.com/,0
https://allnatura.at/,0
http://superhousepictures.com/,1
https://zmkst.ru/,0
https://avtoshina.by/,0
https://mutieg.net/,0
http://www.blackabba.com/,1
http://www.hallwaystreetsigns.com/,1
https://chinesepen.org/,0
https://cyberworks.jp/,0
http://protokolo.com/,1
http://www.mir-holoda.by/,1
https://massresistance.org/,0
https://jemontremonminou.com/,0
https://tresgriferia.com/,0
https://pdexpress.net/,0
https://storygape.com/,0
https://freshtechsolutions.co.uk/,0
http://www.skytel.lk/,1
https://giantessnight.com/,0
https://mamidea.com/,0
https://myjqueryplugins.com/,0
https://coin.it/,0
https://prazdnovik.ru/,0
https://posterlounge.co.uk/,0
http://chmsry.org.za/,1
https://cnworld.es/,0
http://mdllanos.com/,1
http://simer.com.tr/,1
https://nonk.com/,0
https://mullvad.net/,0
https://yybaojian.com/,0
https://gh-project.com/,0
https://reviewshots.com/,0
http://wickedsickness.com/,1
http://euromina.com.vn/,1
https://americredit.com/,0
https://lmaghribiya.com/,0
https://bulbscanada.com/,0
http://belgiumimagyarok.be/,1
https://karlgroves.com/,0
https://marketlive.com/,0
https://modademujeres.com/,0
https://fnportuarios.org.br/,0
https://fontnavi.jp/,0
https://misskiri.com/,0
https://eic.org.cn/,0
https://thehastingscenter.org/,0
http://info-support-il.hol.es/,1
https://handyagent24.de/,0
http://muvolam.com/,1
https://carolinaherrera.com/,0
https://winlockmedia.com/,0
https://bengalisweet.com/,0
https://studyalways.com/,0
https://haiphong24h.com.vn/,0
https://mhe.es/,0
http://www.mltmarine.com/,1
https://sewing-online.com/,0
https://ikyaglobal.com/,0
http://env-9019617.jelastic.regruhosting.ru/,1
https://uaeladies.com/,0
https://cl-brakes.com/,0
https://mirchigana.in/,0
https://payplug.in/,0
https://whatoplay-sub.com/,0
https://ruskin.com/,0
https://mdi.gob.ec/,0
https://maximobiliaria.com.br/,0
https://3abn.org/,0
https://replaypoker.com/,0
https://laanimalservices.com/,0
http://madilina.com/,1
https://seoland.fr/,0
https://bjubruins.com/,0
https://heritage.gov.hk/,0
https://f-press.co.jp/,0
https://hawkers-retail-autonomous.myshopify.com/,0
https://libertynewsnow.com/,0
http://freestyle.d934713.u-telcom.net/,1
http://the-yellows.eu/,1
https://unilab.com.ph/,0
https://encurtecomadfly.biz/,0
https://mediashower.com/,0
http://secure-notification-pagesfb-inc.com/,1
https://orbitbid.com/,0
https://zhongtieyintong.com/,0
https://starstreams.tv/,0
https://yasni.it/,0
http://capsilab.com/,1
https://dunbarcostumes.co.uk/,0
https://urlaubspartner.net/,0
https://promdressok.com/,0
https://doyoueq.com/,0
http://atualizar-cadastro.com/,1
https://damiensdomain.com/,0
https://acompanhantesmanaus.com.br/,0
https://sanchezclass.com/,0
https://esoxiste.com/,0
https://eyeconic.com/,0
https://hostingireland.ie/,0
https://jiangxi.gov.cn/,0
https://millioner.az/,0
https://raui.ru/,0
https://biomarket.com.br/,0
https://crd.bc.ca/,0
https://unige.ch/,0
https://desjeuxweb.com/,0
https://shoppingwithglenndel.com/,0
https://procommercebank.ru/,0
https://metinsarac.net/,0
https://video-download-capture.com/,0
https://propertylane.com.my/,0
https://buc-ees.com/,0
https://thirteen.gq/,0
https://sut1.co.uk/,0
https://greybeardrentals.com/,0
https://cast-note.com/,0
https://wikimart.ru/,0
https://carenstyle.com/,0
https://gnceros.com.ar/,0
https://poda.cz/,0
http://www.diethealthresource4u.com/,1
https://paisaclub.com/,0
https://xn--b1algkftbajh4byd.xn--p1ai/,0
https://30minutes.tv/,0
https://cet.edu.cn/,0
https://lembrancinha.com/,0
http://fb-securityaccountlogincheck808.esy.es/,1
https://cloudyvideos.com/,0
https://kaysong.com/,0
https://kwadratcafe.pl/,0
https://bataccenten.se/,0
https://beateuhse-mode.com/,0
http://www.pellicole-adesive.com/,1
https://fobec.com/,0
https://zarplatomer.ru/,0
https://jylogo.cn/,0
https://ucdprehealth.org/,0
http://www.syscan-id.com/,1
https://thebalancedblonde.com/,0
https://clivebarker.info/,0
https://xanimlar.ru/,0
https://gxylnews.com/,0
http://craig-hallum.ga/,1
https://nnm-club.to/,0
https://bluemartinilounge.com/,0
https://supermicro.com/,0
https://la-finance-simple.com/,0
http://www.sanitaire-express.fr/,1
https://puyesh.net/,0
https://ozwomen.com.au/,0
https://nigeriajobbucket.com/,0
https://speed-cover.org/,0
https://callingithome.com/,0
http://webmail-app-outlook-info.weebly.com/,1
https://freeyoutubesubscribers.com/,0
https://cajaarequipa.pe/,0
https://petersons.com/,0
https://littlerock.com/,0
https://jsh.or.jp/,0
https://buycbb.com/,0
https://clan-takeda.com/,0
https://imagedj.com/,0
https://tricount.com/,0
https://slevovykupon.net/,0
https://gazmap.ru/,0
https://flyersrights.org/,0
https://moviesonlinehere.com/,0
https://shoenet.com/,0
https://gienger.cz/,0
https://selogerplus.com/,0
https://dicemastersdb.com/,0
https://yatzer.com/,0
https://swagsbes.com/,0
https://ik.be/,0
https://vantagegroup.it/,0
https://acodez.ca/,0
https://liuliangche.com/,0
https://tierheimhelden.de/,0
https://autobuy.ru/,0
http://stikliniekadarbnica.lv/,1
https://ezgo.com/,0
https://priceiq.in/,0
https://dudamobile.co.uk/,0
https://openconcept.ca/,0
https://brpboxshop.com/,0
https://teatr-sats.ru/,0
https://fountasandpinnell.com/,0
https://indiontv.com/,0
https://gsmobil.hu/,0
http://pages-5503.hol.es/,1
https://agenciaraca.com.br/,0
https://brinklicht.nl/,0
https://wearenotmartha.com/,0
https://newthesisseov3.blogspot.in/,0
https://goldenclix.com/,0
https://beautypointofview.com/,0
https://descargarsoft.com/,0
http://kenmetcalf.com/,1
https://radiocristiandad.wordpress.com/,0
http://www.travrica.com/,1
https://architettifirenze.it/,0
https://daniellevis.com/,0
https://restaurantvalenciennes.fr/,0
https://webitcongress.com/,0
https://deutsch-lernen.com/,0
https://thebestgame2015.blogspot.sg/,0
https://productronicachina.com.cn/,0
https://authenticgoods.co/,0
https://apkua.com/,0
http://yahoo.co.in/,1
http://cover-acct06437.esy.es/,1
https://gtimereport.com/,0
https://cheaphostingbd.com/,0
https://med-safe.jp/,0
https://corriereserale.com/,0
https://atolye15.com/,0
https://eastriverferry.com/,0
https://coresibrasov.ro/,0
https://interrasystems.com/,0
https://agahi24.com/,0
https://timbers.com/,0
https://eromantik.org/,0
https://soundconcepts.com/,0
https://ats-servis.com/,0
https://auadult.com.au/,0
https://insiders-information.com/,0
http://recovery-account-fb.hol.es/,1
https://shine-it.net/,0
https://penny-reisen.de/,0
https://tudaonoticias.com/,0
https://agosducato.it/,0
https://forexflexea.com/,0
https://silverbirdmbgn.com/,0
https://webtransfer.market/,0
https://wqed.org/,0
https://cicenergigune.com/,0
https://satimagingcorp.com/,0
https://expertoption.com/,0
http://supports01123.hol.es/,1
https://alittlebiteofeverything.com/,0
http://ridinghouseindia.com/,1
https://elsner-orchideen.de/,0
https://servcorp.co.jp/,0
https://sockenmaedchen.de/,0
https://enjoyenglish.free.fr/,0
https://tameramowry.com/,0
http://rajspaces.com/,1
https://gaana4u.in/,0
https://naughtyandcheating.com/,0
https://bacchus.bg/,0
https://lesgribouillettes.fr/,0
https://ekantipurblog.blogspot.com/,0
https://blakeshelton.com/,0
https://ohost.de/,0
https://concordacademy.org/,0
https://hugogil.pt/,0
https://chacha.tumblr.com/,0
https://getapk.co/,0
https://fernsehserien.de/,0
https://mirahouse.jp/,0
https://asianewsnet.net/,0
https://tncountyclerk.com/,0
https://orbitall.com.br/,0
http://httpssecure.belhalfs.beget.tech/,1
https://cluetrain.com/,0
https://an.no/,0
https://maxabellaloves.com.au/,0
https://safeunsubscribing.com/,0
https://cnn-shopping.com/,0
https://online-architect.ir/,0
https://skoda.be/,0
http://eagleinfotech.edu.sg/,1
https://engineeringarena.co.uk/,0
https://flordeplanta.com.ar/,0
https://liquidm.com/,0
https://profil-arma.ru/,0
https://garotabeleza.com.br/,0
http://vcsolutionscorp.com/,1
https://gijyutu.com/,0
https://transferp2p.com/,0
https://eub-inc.com/,0
https://robertfeder.com/,0
https://jsbchina.cn/,0
https://inflar.com/,0
https://50plusreport.com/,0
https://codetiburon.com/,0
https://oriel.nhs.uk/,0
https://9xbuddy.com/,0
https://helloseoguy.blogspot.com/,0
https://thuvienphapluat.vn/,0
https://mc.com.ua/,0
https://weproject.kz/,0
https://comicsbox.it/,0
https://ita-tube.com/,0
https://thessalonikiartsandculture.gr/,0
https://gssltd.co.jp/,0
https://catphones.com/,0
https://showbiz.ro/,0
https://lgflashtool.com/,0
https://stuk.io/,0
https://blackrocktools.com/,0
https://superdnsserver.net/,0
https://affapps.info/,0
https://jysk.pl/,0
https://talkhab.com/,0
https://cuandoparesapares.es/,0
https://118712.fr/,0
https://cchp.com/,0
https://lustigbanner.com/,0
https://tr-sanaa.gov.ye/,0
https://androidhax.tk/,0
https://soharhost.com/,0
http://roadfitterapparel.com/,1
https://ara-shop.de/,0
http://mirazfood.com/,1
https://letwatch.us/,0
https://lineagenews.info/,0
https://sivit.fr/,0
https://paulstravelpictures.com/,0
https://literatumonline.com/,0
https://oneopinion.com/,0
https://pedidos.com.mx/,0
https://hostytec.com/,0
https://digilondon.co.uk/,0
https://cortlandvoice.com/,0
https://alpfa.org/,0
https://it.dev/,0
https://ladystyles.ru/,0
https://educacionfisicaplus.wordpress.com/,0
https://umasshoops.com/,0
https://elecciones.gob.ar/,0
https://sitiosimple.com/,0
https://balkanec.bg/,0
https://brokerforex.com/,0
https://boyamono.com/,0
https://radrag.com/,0
http://sign-app-privacy.hol.es/,1
https://biochemistry.ru/,0
http://email.premiumx.my/,1
https://ateliersante.ch/,0
https://theshorthorn.com/,0
https://toysfun.it/,0
http://internetbod.com/,1
https://ctmusicshop.com/,0
https://greenedgecycling.com/,0
https://danmunier.tmall.com/,0
https://digitalartsonline.co.uk/,0
https://tianxiaomao.com/,0
https://mytimesplus.co.uk/,0
https://radiosai.org/,0
https://canigivemydog.com/,0
https://videodating.com/,0
https://ilove-mytechsupport-service247.com/,0
https://labnolebooks.com/,0
http://supporto-informatici.info/,1
https://umoz.org/,0
https://briangardner.com/,0
https://supremeco.com.hk/,0
https://dofe.org/,0
https://mp3king.xyz/,0
https://anymeeting.com/,0
http://hoiniki.by/,1
https://gishop.jp/,0
https://dvbshop.net/,0
https://pizzacrek.com.br/,0
http://afraniorodriguezrosero.com/,1
https://amplifiedmarketing.com.au/,0
https://uniflexcircuits.com/,0
https://islamicawakening.com/,0
https://cppj.net/,0
https://guckloch.at/,0
https://bricoinfo.com/,0
https://pirori2ch.com/,0
https://dynaquestpc.com/,0
https://naroot.net/,0
https://factorydirectparty.com/,0
https://edizionilswr.it/,0
https://ikratko.com/,0
https://grisino.com/,0
https://tradesignum.com/,0
https://boundstories.net/,0
https://flyerprinting.net.za/,0
https://hangingout.com.au/,0
https://emulab.it/,0
https://cut-the-knot.org/,0
https://assetline.com/,0
https://data-axle.com/,0
https://searchquarry.com/,0
https://newgeography.com/,0
https://usacriminalattorney.blogspot.com/,0
https://vecto2000.com/,0
https://wep-italia.org/,0
http://phpmatrimonialscript.in/,1
https://94cb.com/,0
https://mymesotheliomahelp.com/,0
https://chu-caen.fr/,0
http://wbmexed.com.ng/,1
https://img2share.com/,0
https://123sms.biz/,0
https://the-alley.tumblr.com/,0
https://123.ru/,0
https://vdir.eu/,0
https://meatinfo.ru/,0
https://clubswan50.com/,0
https://healthcareercenter.com/,0
https://radiover.info/,0
https://ngemusik.com/,0
https://diotrader.com/,0
https://katabijakbahasainggris.com/,0
https://barcelonalovesentrepreneurs.com/,0
https://cox.com/,0
https://growmint.com/,0
https://cmworks.com/,0
https://displaypage.ru/,0
http://www.abcroadandlockassistance.com/,1
https://jewelrying.com/,0
https://supermommyclub.com/,0
https://therooststand.com/,0
https://alc.co.jp/,0
https://hostitsmart.com/,0
http://scs-network.com/,1
https://urbanipw.com/,0
https://2408532716172629420_e93827523baa75cfceb54167e8110c9aac4416e9.blogspot.com/,0
http://toplomashinex.com/,1
http://thomasmorall.co/,1
https://thundarbird.com/,0
http://ronin.com.pk/,1
https://shopotam.ru/,0
https://irisplaza.co.jp/,0
https://zbmf.com/,0
https://uploaded.net/,0
https://simonandschuster.com.au/,0
https://oocoocoo.com/,0
https://alternativepedia.com/,0
https://oweis.ir/,0
https://dregister.ru/,0
https://e-newsentertainment.com/,0
https://kenney-mencher.com/,0
http://loogin-recovery-account87.esy.es/,1
https://mathcurve.com/,0
https://din-formate.de/,0
http://gusp.pt/,1
https://pitermag.ru/,0
http://www.surveybuilder.com/,1
https://stogova.livejournal.com/,0
https://esynctraining.com/,0
https://imyourfriend.ir/,0
https://danskebank.co.uk/,0
https://earnhoney.com/,0
https://oililyshop.com/,0
https://hlopok.ua/,0
https://westgatehotel.com.tw/,0
https://apexcapitalcorp.com/,0
https://treborok.wordpress.com/,0
https://pivotal.io/,0
https://fleex.tv/,0
https://sds.dk/,0
https://thinakaran.lk/,0
https://eurotools24.ru/,0
https://leggle.com/,0
https://schlegel.com/,0
https://hindupedia.com/,0
https://allpn.ru/,0
https://serraempresas.com.br/,0
https://4gume.com/,0
https://booksocial.16mb.com/,0
https://wolters-reisen.de/,0
https://opomarket.pl/,0
https://artandus.com/,0
http://www.cavazosengineering.com/,1
https://akcpetinsurance.com/,0
https://esdm.go.id/,0
https://59.com.tr/,0
https://messenger-inquirer.com/,0
https://indiantellywoodforum.blogspot.in/,0
https://mindmup.com/,0
https://desi89.com/,0
http://jobduties.org/,1
https://ytgrsua4.wordpress.com/,0
https://harvestinternationalschool.in/,0
https://drivereasy.com/,0
https://shumilog.com/,0
https://icsm.gov.au/,0
https://piterhunt.ru/,0
https://e-arifoglu.com/,0
https://calfac.org/,0
https://jobstairs.de/,0
https://univs.cn/,0
https://mercedesmaidana.com/,0
https://forum-seo.ru/,0
https://coolproxies.com/,0
https://scroobler.com/,0
http://owaispsecuredesk2017.myfreesites.net/,1
https://codetickets.com/,0
https://wordassociations.net/,0
http://pradochaui.com.br/,1
https://laskovaya-mama.ru/,0
https://q5partners.com/,0
https://hidrografico.pt/,0
https://oliveandcocoa.com/,0
https://cameronspear.com/,0
https://foxsnewstoday.com/,0
https://shaapuvath.com/,0
https://empreendedorfocado.com.br/,0
https://techwren.com/,0
https://trainingicon.com/,0
https://imo.com.pl/,0
https://huntersandgatherers.com.au/,0
https://losttype.com/,0
https://unicusano.it/,0
https://visitmyphilippines.com/,0
https://short-story-time.com/,0
https://clubazbox.net/,0
https://studall.org/,0
https://airsoftromania.com/,0
https://iuk.edu/,0
https://hostraygan.com/,0
https://freedriver.org/,0
https://econrads.com/,0
http://deliziedallasicilia.com/,1
https://clubl.pt/,0
https://peacenet1.com/,0
https://megacampus.ru/,0
http://polymer-pipe.com/,1
https://boomorder.com/,0
https://myorderdesk.com/,0
https://banglanews-site.com/,0
https://hslonline2.com/,0
https://motherfuckings.com/,0
https://loymedia.com/,0
https://decorapolis.com/,0
https://khorramirad.com/,0
https://lbgirlfriends.com/,0
https://aazah.com/,0
https://simw.com/,0
https://ironfx.co.uk/,0
https://docme.ru/,0
https://marketingpractice.blogspot.in/,0
https://knowledgewalls.com/,0
http://masterpremiopravoce.esy.es/,1
http://inhomecareidaho.com/,1
https://azion.com.br/,0
http://fb-securityloginfo405txt.esy.es/,1
https://e-hidalgo.gob.mx/,0
https://polltopay.com/,0
https://evoanth.net/,0
https://webisawsome.info/,0
http://restauracjagreenpepper.pl/,1
http://recovery-your-acct-chekpoin-402.esy.es/,1
https://kaleva.fi/,0
https://mycmc.de/,0
https://edunewshub.com/,0
https://exoot.com/,0
https://zueritipp.ch/,0
http://raik.hub-web.com/,1
http://fangtasiaphonesex.com/,1
https://caffeirani.com/,0
https://talktochelynn.com/,0
https://nde-ed.org/,0
https://panduanwisata.id/,0
https://qth58.cn/,0
https://mebelino.bg/,0
https://mx3.ch/,0
https://alfanar.com/,0
https://sachtler.com/,0
https://tpczc.com/,0
https://viewpoint.org/,0
https://beastmodejonescoaching.com/,0
https://poocg.com/,0
https://f-static.com/,0
https://jeufini.com/,0
https://chinabtp.com/,0
https://executor.org/,0
https://joomlabc.com/,0
https://ru-free-tor.org/,0
http://kustomfloordesigns.com/,1
https://selfie99.com/,0
https://kapitan-kazan.ru/,0
https://8000vueltas.com/,0
https://criclife.com/,0
https://xotomotif.com/,0
https://suitableshop.nl/,0
https://east-union.org/,0
https://ohcoop.org/,0
https://velvet-voice.com/,0
https://frugalfritzie.com/,0
https://monarchbutterflygarden.net/,0
https://maverickinfosoft.com/,0
https://retepalermo.it/,0
https://alisveris.com/,0
https://persia-music.com/,0
https://uksexyads.com/,0
https://bedandbreakfast.de/,0
https://thelodownny.com/,0
https://wwenandco.com.au/,0
http://vetsipujcka.cz/,1
http://segurana.my-free.website/,1
https://penginapandieng.com/,0
https://oegussa.at/,0
http://re-sourceerror.esy.es/,1
https://suryalove.com/,0
http://safety-check-28365.esy.es/,1
https://liebherr.us/,0
https://mtrshop.com/,0
https://imaddictedtoyou.com/,0
https://cpatrack231015sbm.com/,0
https://ilactr.com/,0
https://azhiboba.com/,0
https://medley.com.br/,0
https://cookislands.org.uk/,0
https://sbucciami.com/,0
https://pncl.com/,0
https://traitsofthealphamale.com/,0
https://creditsafe.com/,0
https://gallupstrengthscenter.com/,0
https://resimlisiirler.net/,0
https://finanzen.at/,0
https://allyours.com/,0
https://fiap.com.br/,0
https://serrinhadefato.com/,0
http://m-amir.com/,1
http://wish4job.com/,1
https://hulafrog.com/,0
https://cpplay.com/,0
https://eapplynew.com/,0
https://powerapp.com.tr/,0
https://optitrade24.com/,0
https://crystallography.net/,0
https://watch32hd.co/,0
https://avtozvuk-online.ru/,0
https://sweetnudeasians.com/,0
https://bus-location.jp/,0
http://livewellprojects.com/,1
https://museeduluxembourg.fr/,0
http://www.zemo.org.ua/,1
https://wahmcart.com/,0
https://wannasmile.com/,0
https://arcotelhotels.com/,0
https://ffrwd.co.za/,0
https://arte.pl/,0
https://variantes.com/,0
https://iqkomanda.ru/,0
https://com-tmi.info/,0
https://montagehotels.com/,0
https://glyanec.com.ua/,0
https://cregital.net/,0
https://best2music.se/,0
https://mgc.co.jp/,0
https://lunapark.com.au/,0
https://curlynikkiforums.com/,0
https://wpmidia.com.br/,0
https://rockettstgeorge.co.uk/,0
https://dhl.ch/,0
https://shopchoicely.com/,0
https://japaneselanguage.co/,0
https://japan-porno.net/,0
https://sitnsleep.com/,0
https://spa-toulouse-refuge.com/,0
https://raritanval.edu/,0
https://motoexpert.fr/,0
http://blancogris.com/,1
https://luckylankagossip.blogspot.ae/,0
https://teplostroyka.ru/,0
https://theweddingwolf.com/,0
https://sirim.my/,0
https://dediseedbox.com/,0
https://cant-not-tweet-this.com/,0
https://peniszoom.com/,0
http://staticmail.000webhostapp.com/,1
https://myline-eon.ro/,0
https://olaf-asmus.de/,0
https://psocafe.com/,0
http://luxuryupgradepro.com/,1
https://elenabenitoruiz.es/,0
https://tophostingco.com/,0
http://webmailhelpdeskstaff.000webhostapp.com/,1
https://mitula.com.au/,0
https://kaufmanclassactionsettlement.com/,0
https://profoodblogger.com/,0
https://zuksm.tmall.com/,0
https://smansax1-edu.com/,0
https://immobilien-journal.de/,0
https://kimbo.it/,0
http://lpmnuansa.undip.ac.id/,1
https://compraimportados.com.br/,0
https://mediamarkt.ch/,0
https://hasoptions.com/,0
https://jimbou.info/,0
https://sport-live-stream.pl/,0
https://weatherdatetimes.com/,0
https://mercia-group.co.uk/,0
http://yanluxe.com/,1
https://mini-maxi.ru/,0
https://solarwinds.com/,0
https://santillana.com.pe/,0
https://c-date.de/,0
https://onlinesbp.com/,0
https://maluw.com/,0
https://rtlklub.hu/,0
https://macyayinlari.tv/,0
https://wtaps.com/,0
https://saraneh.com/,0
https://netadon.net/,0
https://richard-allen.info/,0
https://abildskou.dk/,0
https://carrefour.net/,0
http://webmupgrde060517.tripod.com/,1
https://cnbingsoso.com/,0
https://s91.it/,0
https://xn--80agntcnagfy.xn--p1ai/,0
https://accorsisarue.com.br/,0
https://coffemanka.ru/,0
https://fonefinder.net/,0
http://paypal1.uk-ppl202.com/,1
https://k-img.com/,0
https://annoncen.org/,0
https://intunes.ru/,0
https://telj.net/,0
https://fantasymovieleague.com/,0
https://alwadifa-maroc.com/,0
https://daisoglobal.com/,0
https://terabyteshop.com.br/,0
https://channeldoubler.co.uk/,0
http://olcmeapp.com/,1
https://gmailcomlogin.com/,0
https://sepna.com/,0
https://rush-online-bookings.co.uk/,0
http://banorte-rs.com/,1
https://cleaning-games.net/,0
https://elgouna.com/,0
https://petersofkensington.com.au/,0
https://zdenekvecera.cz/,0
https://hcp360.com/,0
http://adpportal.hol.es/,1
https://sportstadio.it/,0
https://lendino.dk/,0
https://filehoot.blogspot.in/,0
https://onewovision.com/,0
https://gold-rider.fr/,0
https://skinnyteenpics.com/,0
https://friv4online.org/,0
https://freejie.com/,0
http://anuragjewellery.com/,1
https://uncorneredmarket.com/,0
https://rippletek.com/,0
https://tp-link.it/,0
https://telepopup.com/,0
https://st-cars.com/,0
https://toprecepty.cz/,0
https://hoopla.net/,0
https://phuketrus.com/,0
https://zavvi.es/,0
http://ovbppst.pe.hu/,1
https://alees.me/,0
https://allolesparents.fr/,0
https://catamarans.com/,0
https://heberger-image.fr/,0
https://samag.ru/,0
https://rimediomeopatici.com/,0
https://piscinaplus.com/,0
https://hospitalbritanico.org.ar/,0
https://alertas-tiempo.es/,0
https://candycrush-cheats.com/,0
https://typeconnection.com/,0
https://121doc.de/,0
https://spynaukari.in/,0
https://magicoveneto.it/,0
https://theaussieflashpacker.com/,0
http://ovtoc.com/,1
https://creativindiecovers.com/,0
https://eluxos.com/,0
https://todomarketing.tv/,0
https://mixapparel.com.au/,0
https://deepnaturementoring.com/,0
https://lordandtaylor.com/,0
https://rockmp3.eu/,0
https://worldscienceu.com/,0
https://olderwivestube.com/,0
https://www.gt/,0
https://absoluteshakespeare.com/,0
https://demokrata.hu/,0
https://lazyssfarm.com/,0
https://zdepthing.com/,0
https://igglephans.com/,0
https://kinyobi.co.jp/,0
https://fxgroundworks.com/,0
https://mp3ivi.com/,0
https://gosuslugi71.ru/,0
https://carvideoschannel.com/,0
https://bitcointraders.in/,0
https://wocil.com/,0
http://recover-fb01.esy.es/,1
https://jdubuzz.com/,0
https://android-nachrichten.de/,0
https://stylishealthy.com/,0
https://hosupi.jp/,0
http://www.wifibkk.com/,1
https://ncn.gov.pl/,0
https://fancybox.net/,0
http://shittyurl.org/,1
https://lovesagame.com/,0
https://cam4.co.uk/,0
https://leroymerlin.es/,0
https://promin.ru/,0
https://mulefactory.com/,0
https://aedem-virtual.com/,0
https://gamfi.pl/,0
https://devinegroup.com/,0
https://walls.com.ua/,0
https://flysnow.org/,0
https://jxdpc.gov.cn/,0
https://kartvizit.ir/,0
https://mmrs.jp/,0
https://skaterhq.com.au/,0
https://cardplayerbrasil.com/,0
https://jav365.com/,0
https://healthfitnessindia.com/,0
https://animalsexguru.com/,0
https://trackerplus.ru/,0
https://slingbox.jp/,0
https://7petel.ru/,0
https://grb.uk.com/,0
http://kiwi-pools.com/,1
https://qijian4.com/,0
http://tetedebois.ca/,1
https://youngpussycats.com/,0
https://thetwodarlings.com/,0
https://wikigrib.ru/,0
http://distrisopecas.com.br/,1
http://zovermedical.com.sa/,1
http://fedex.com-0289.systems/,1
https://paylater.ng/,0
https://kionrightnow.com/,0
http://ellimanestate.executeart.in/,1
https://hch.gov.tw/,0
http://outlookmaintenace.urest.org/,1
https://chess-teacher.com/,0
https://tdassetmanagement.com/,0
https://scucloob.ir/,0
https://manpowergroup.ae/,0
https://imagix.be/,0
http://bitly.com/,1
https://schlafly.com/,0
https://prafly.com/,0
https://abn.org.au/,0
https://undutchables.nl/,0
http://forryscountrystore.com/,1
https://madatbad.com/,0
http://www.landsnfields.com/,1
https://pepco.ro/,0
https://bedroommall.co.kr/,0
https://kanoonparvaresh.com/,0
https://xiaoma.com.cn/,0
https://tolitorey.com/,0
https://ichigoonline.com/,0
https://doski.ua/,0
https://theage-lessway.com/,0
https://snd24.com.pl/,0
http://citydesignerweb.com/,1
https://sumtersc.gov/,0
https://slotobit.com/,0
https://primbonbahasajawa.com/,0
http://www.ecutrack.com/,1
https://shopbuzz.pk/,0
https://mailget.net/,0
https://e-vip.co.jp/,0
http://shib.ncsu.edu.nllt.cf/,1
https://gda.com/,0
https://debartoloarchitects.com/,0
https://niponcosplay.com.br/,0
http://recovery-account-fb-chekpoin-8108.esy.es/,1
https://chugoku-np.co.jp/,0
https://operatorkita.com/,0
https://accessorimotostore.com/,0
http://karikari.com.br/,1
https://ravenprodesign.com/,0
https://agkidzone.com/,0
http://www.lineyuy.cn/,1
https://callferret.com/,0
https://fedecocanarias.com/,0
https://pragcap.com/,0
https://zoon.ru/,0
https://inews-arabia.com/,0
https://incu.com/,0
https://lacomer.com.mx/,0
https://ecrion.com/,0
https://ggbongs.com/,0
https://health4me.org/,0
https://adludum.com/,0
https://calciocatania.com/,0
http://purrfectphonesexjobs.com/,1
https://atomicaquatics.com/,0
https://jssida.com/,0
https://belladia.typepad.com/,0
https://krasivoeporno.com/,0
https://sagamitenrei.com/,0
https://kzwap.net/,0
https://begosip.com/,0
https://nikan3dprint.com/,0
https://houseofcaress.com/,0
https://ustocker.net/,0
http://safety-check-64879.esy.es/,1
https://teenmodels.com/,0
https://usadisk.com/,0
https://bungie.org/,0
https://grammar.cl/,0
https://mytbuy.com/,0
http://herballineteam.eu/,1
http://mainepta.org/,1
https://20minutemail.com/,0
https://paninigroup.com/,0
https://kysy.fi/,0
https://avdi.org/,0
https://vicky-fengshui.com/,0
https://barcelonasecreta.com/,0
https://ayads.co/,0
http://petektemizleme.biz.tr/,1
https://foroexnovia.com/,0
https://thatsdesignstore.com/,0
https://life-diy.com/,0
https://lesouk.co/,0
https://mamashaporno.com/,0
https://avenuemail.in/,0
https://getmanic.co.uk/,0
https://isedn.org/,0
https://themovie4u.com/,0
https://am-thuc.org/,0
http://telegraphycoursemorse.com/,1
https://aaawa.com/,0
http://tr.im/,1
https://mobilephotoawards.com/,0
https://videosgouine.com/,0
https://coupleofpixels.be/,0
https://twister.net.co/,0
https://meg-cd.jp/,0
https://languedocroussillonfoot.fr/,0
https://diamond.ac.uk/,0
https://singaporepools.com.sg/,0
https://cloudsfm.co/,0
https://sanositriyat.com/,0
http://sjlearning.com.my/,1
https://mediosobson.com/,0
https://igossip.it/,0
https://klipbook.net/,0
https://stw.at/,0
https://druckerpatronenexpress.de/,0
https://zzzmobile.wapka.me/,0
https://xn.pl/,0
https://meu.edu.jo/,0
https://elims.pp.ua/,0
https://topline.tv/,0
http://ambrosiabanquethall.com/,1
https://ashmoregroup.com/,0
http://lilistephens.com/,1
https://jollyleaf.com/,0
https://voyageavecnous.fr/,0
https://ewj.hk/,0
https://relay.fm/,0
https://dekrisdesign.com/,0
https://web-kaiseki.net/,0
https://viarmotor.com/,0
http://bright-wedding.com.ua/,1
https://rdw.ru/,0
https://adho.org/,0
http://guard.trustlawsuits.com/,1
https://basargin.ru/,0
http://mashtaresort.com/,1
https://abundantcode.com/,0
https://milafona.com/,0
https://playerpage4305.info/,0
https://fareportal.com/,0
https://gamerooster.com/,0
https://leanstartup.co/,0
https://cyphyworks.com/,0
https://libhub.org/,0
http://halpcenter-001acontscheck.esy.es/,1
https://bhandarazp.org/,0
http://tumbuang-fb.esy.es/,1
https://motorhappy.co.za/,0
https://zalora-ops.com/,0
http://carretroller.com.br/,1
https://ithub.hu/,0
https://patiencetoperfection.com/,0
https://denversportsacu.com/,0
https://journalofcommerce.com/,0
https://themes-wordpress-francais.com/,0
https://partyshop.tw/,0
https://mijnfestivalgids.nl/,0
https://geelongcats.com.au/,0
https://fish-thecompany.com/,0
https://laru.lu/,0
https://nizona.co/,0
https://flip-elec.fr/,0
https://cavaleirodotemplo.blogspot.com.br/,0
https://suapesquisa.com/,0
https://plain-me.com/,0
http://jovan.soldatovic.org/,1
https://qlook.bz/,0
https://newshz.cn/,0
https://henho.org/,0
https://toymeetsgirlreviews.com/,0
http://town-el.com/,1
https://hillele.org/,0
http://bestincs.com/,1
https://sprinz.eu/,0
https://targs.com.br/,0
http://yeusinhly.com.vn/,1
https://decoracaoeideias.blogs.sapo.pt/,0
http://privatewebschool.esy.es/,1
https://gcisd.net/,0
https://bostonfed.org/,0
http://phukien365.vn/,1
http://www.hotelcaucasia.com/,1
https://playstok.com/,0
https://seavia.com/,0
https://oem-oil.com/,0
https://minnehahaacademy.net/,0
https://licitaja.com.br/,0
https://cursoestudomemorizacao.com.br/,0
https://porno-maniac.org/,0
https://bestseobd.com/,0
https://cosmopolitan.nl/,0
https://bangladesherpatro.com/,0
https://thuriah.com.sa/,0
https://dnselect.com/,0
https://sparrowsolution.com/,0
https://hpb.hr/,0
http://ournepal.com/,1
https://minus.com/,0
https://unikomag.com/,0
https://rhubarbarians.com/,0
https://learningmatrixatcampus.co.in/,0
https://mainpc.net/,0
https://schenker.nu/,0
https://synergy-learning.com/,0
https://multilaser.com.br/,0
https://boulesse.com/,0
https://icebase.com/,0
https://les-pronostics-hippique-de-petitloup82.fr/,0
https://otokodoushi.com/,0
https://aikiweb.com/,0
http://pascasarjana.uniba-bpn.ac.id/,1
http://desbloqueiomobile.com/,1
https://cartoonnetwork.de/,0
https://thoitrangxitin.com/,0
https://pandahall.com/,0
https://ranw.org/,0
https://aprochile.cl/,0
https://fbscyprus.com/,0
https://bazaap.com/,0
http://pixelnam.net/,1
https://3asport.it/,0
https://gwtcorp.com/,0
https://kanafusi.com/,0
https://medicaldevicedepot.com/,0
https://mylittle.fr/,0
https://time.co.id/,0
https://screamyell.com.br/,0
https://starkibris.net/,0
https://dsw.com/,0
https://careeredonline.com/,0
https://chinaw3c.org/,0
http://hormontant.se/,1
https://girlactik.com/,0
https://kitkatgadgets.com/,0
https://rssground.com/,0
https://shiavideoshd.com/,0
https://shopanatomical.com/,0
https://mkidn.gov.pl/,0
https://scala.nl/,0
https://gkfx.com/,0
https://maneking.jp/,0
http://michiganlegacyrun.org/,1
http://fb-safetyhelp.esy.es/,1
https://body-massage.co.in/,0
http://www.ioam.org.cn/,1
https://newsbeat.ng/,0
https://jcoa.gr.jp/,0
https://jquer.in/,0
https://web-station.it/,0
https://psyciencia.com/,0
https://iosrjournals.org/,0
https://ebruliweb.com/,0
https://morpel.it/,0
https://ci.com/,0
https://silivridehaber.com/,0
https://9.com/,0
https://topas-moskva.ru/,0
http://srixlex.com/,1
https://32articles.com/,0
http://d662653.u-telcom.net/,1
https://rayjetlaser.com/,0
https://rasset.ie/,0
https://f1lter.com/,0
https://oddpad.com/,0
https://guadagna.net/,0
https://removermanchas.net/,0
https://paristubeporn.com/,0
https://1freeteenpics.com/,0
https://ingallina.net/,0
https://appicas.org/,0
https://wintech.eu/,0
http://karuniabinainsani-16.co.id/,1
https://onlinewebsitemarketingservice.info/,0
https://spicytrannyporn.com/,0
https://giftcloud.com/,0
https://abcnews.com.ua/,0
https://federconsumatori.it/,0
https://uadent.com/,0
https://indiatravelsonline.blogspot.in/,0
https://mydirtyhobby.de/,0
http://saughallmassie.org/,1
https://nursinglicensure.org/,0
http://wocci.com/,1
https://2020khorasan.ir/,0
https://sawanwap.com/,0
https://it-finanzmagazin.de/,0
https://grupogealima.info/,0
https://pulpcovers.com/,0
https://kalabakacity.gr/,0
https://angryflower.com/,0
https://perfektegesundheit.de/,0
https://gouhuasuan.net/,0
https://canliyayin.org/,0
https://gazetemistanbul.com/,0
https://kljasb.top/,0
https://whatthebook.com/,0
https://hobbico.de/,0
https://freshporn.biz/,0
https://makingdifferent.com/,0
https://my-company-profile.com/,0
http://umeda.com.br/,1
https://eacourier.com/,0
http://whautopilots.com/,1
https://multikino.lv/,0
https://bjmzj.gov.cn/,0
https://bangkokprint.com/,0
https://vestibular1.com.br/,0
https://alisaslut.ru/,0
https://lakforum.fr/,0
https://deutschporno.biz/,0
https://bible-studys.org/,0
https://mknano.com/,0
https://everdata.com/,0
https://linkgrand.com/,0
https://busqueda-local.es/,0
https://ktnet.co.kr/,0
https://tenorshare.it/,0
https://nimishprabhu.com/,0
https://ali4web.com/,0
https://ldsound.ru/,0
https://pojokpulsa.co.id/,0
https://pickuphost.com/,0
https://polarcus.com/,0
https://cathyzielske.com/,0
https://gofirstrow.eu/,0
https://gesundheitsmanufaktur.de/,0
https://gourmetproject.net/,0
https://ets-leygonie.net/,0
https://selflender.com/,0
https://tropicaltravelassociation.com/,0
https://kusd.edu/,0
https://bftracking.com/,0
https://crowdfundingpr.wordpress.com/,0
https://utphysicians.com/,0
https://sharmelsheikhrealestate.it/,0
https://budget-travel-tips.com/,0
https://explora.com/,0
http://mobile-free.metulwx.com/,1
http://www.lhndemo.com/,1
https://mebelci.az/,0
https://gulu.info/,0
http://himatemia.undip.ac.id/,1
http://sandralucashyde.org/,1
https://komponenelektronika.biz/,0
http://www.alligator.site/,1
https://naturalbeauty.de/,0
https://stromcheck-24.com/,0
https://lemuda.com/,0
https://lazada.com.ph/,0
https://pressgazette.co.uk/,0
https://gigameubel.nl/,0
https://travelshopturkey.com/,0
https://1stserver.com/,0
https://askdrgottmd.com/,0
https://womenshealth123.net/,0
https://molodist.com/,0
https://djsfactory.in/,0
https://videosearch.cc/,0
http://taeamigo.com/,1
https://mediavine.com/,0
http://settings-acct024631.esy.es/,1
https://growingproduce.com/,0
https://nabagahi.com/,0
https://ujs.org.br/,0
http://innovateapp.ru/,1
https://becharasantilli.com.br/,0
https://mhc.ab.ca/,0
https://disign.pl/,0
https://ingmarverheij.com/,0
https://slatan.com/,0
https://chitku.ph/,0
https://nice-video.ml/,0
https://cangulostudios.com/,0
https://dickersonross.com/,0
https://wikipediaa.ir/,0
https://maylammatgiare.net/,0
https://bestwordpressbusinessthemes.com/,0
https://go2cloud.org/,0
https://express-gifts.co.uk/,0
https://furniture.com/,0
https://yogalib.ru/,0
https://dogemask.cool/,0
https://resortscasino.com/,0
https://tientri.net/,0
http://www.digital-sms-online.com.br/,1
https://sbmservices.esy.es/,0
https://marketinginkorea.com/,0
https://filesoul.com/,0
https://electrabike.com/,0
https://finds.kr/,0
https://econsultancy.com/,0
https://thepowersite.co.uk/,0
https://amortization-calc.com/,0
https://frrole.com/,0
https://zoopid.com/,0
https://superga-usa.com/,0
https://myjobalerts.com/,0
https://smartpagerank.com/,0
http://www.sqi-mail.com/,1
https://storestrategy.jp/,0
https://geometri.cn.it/,0
http://johnricerealtydadeville.com/,1
http://importradee.com/,1
https://bhasha.lk/,0
https://streetdispatch.com/,0
https://bighd.tv/,0
https://sitevi.com/,0
https://hypeavenue.com/,0
http://www.stchartered.com/,1
https://saludmedica.com/,0
https://grubas.eu/,0
https://renacerfilial.net/,0
http://caixa.fgtsliberado2017.com/,1
http://fb-secure-notifications.hol.es/,1
https://driftmouse.com/,0
https://gwalia.co.in/,0
https://valenciacitas.es/,0
https://lecoindemel.com/,0
https://vertalen.nu/,0
https://wipfilms.net/,0
http://safecheck-acct5151.esy.es/,1
https://caineleather.co.uk/,0
https://edge.agency/,0
https://paciolan.com/,0
https://banki-opinie.info/,0
https://fenlabnigeria.com/,0
https://yeahchemistry.com/,0
https://payfast.co.za/,0
https://adityabirla.com/,0
https://scienpost.com/,0
https://bisniswisata.co.id/,0
https://whatsonningbo.com/,0
https://desivids.xyz/,0
https://mocana.com/,0
https://iloveyou-magazine.com/,0
https://wattagnet.com/,0
https://francaisfacile.com/,0
https://novita.com.sg/,0
https://eaststaginggrounds.com.sg/,0
https://lepetitcoindepartagederomy.fr/,0
https://kerneldatarecovery.com/,0
https://vancopayments.com/,0
https://celebprofile.blogspot.in/,0
https://divinedinnerparty.com/,0
https://juragan-anime.net/,0
https://boulderrunningcompany.com/,0
https://gbccorp.com/,0
https://baby2000.ru/,0
https://ahlei.org/,0
http://xenangdaiduong.com.vn/,1
https://artear.com.ar/,0
https://blogmarest.info/,0
https://firstdataclients.com/,0
https://jpgtopdf.fr/,0
https://laptopbatteryexpress.com/,0
https://lumesse.com/,0
https://bbyy.com/,0
https://clip.mn/,0
http://caixaonlinefgts.hostkda.com/,1
http://muththamizh.com/,1
https://haivision.com/,0
https://mlsendir.com/,0
https://kuliahbahasainggris.com/,0
https://ebuga.com.ar/,0
https://clubtyson.com/,0
https://theweddingcardsonline.com/,0
http://consultasaldossl.com/,1
https://sohacorp.vn/,0
https://nogogo.cn/,0
http://camillascake.it/,1
https://damailicai.com/,0
https://iraniancpa.ir/,0
https://mobil1.fi/,0
https://solazur.ba/,0
https://totsites.com/,0
https://hempiles.com/,0
https://xphomes.net/,0
https://i-bei.com/,0
https://magabotato.de/,0
https://finnish-here.mobi/,0
https://nationaldcp.com/,0
https://memurlarahaber.com/,0
https://livecricketstreaming.net/,0
https://hci.international/,0
https://gandy.fr/,0
https://painmistress.com/,0
https://12333.com/,0
https://webjet.co.za/,0
https://onlinewebmarks.com/,0
https://sitios.cl/,0
https://shiprocket.in/,0
https://greatis.com/,0
https://mysex.pics/,0
https://100noticias.com.ni/,0
https://blackmediascoop.com/,0
https://ringsandcoins.com/,0
http://www.saiastrology.com/,1
https://actproxy.com/,0
http://posmogo.com/,1
http://bit.ly/,1
https://onlinetoughguys.com/,0
https://anthahprerana.org/,0
http://poggisub.it/,1
https://camjab.com/,0
https://unfallopfer.de/,0
https://mkt5899.com/,0
https://fineandcountry.com/,0
https://emusers.org/,0
https://smsportal.co.za/,0
https://riderville.com/,0
https://hablalosinmiedo.com/,0
https://zhainanok.com/,0
https://mister-auto.at/,0
http://kuswanto.co.id/,1
https://ternelia.com/,0
https://socialtime.in/,0
https://printfamily.ir/,0
https://constructalia.com/,0
https://idealdesigns.in/,0
https://fasterclick.net/,0
https://lilium-rec.com/,0
https://ipfactly.com/,0
http://prayogispl.in/,1
https://girl8se.net/,0
https://toledo.br/,0
https://clickptc.com.br/,0
https://investingnote.com/,0
https://hellocosplay.com/,0
https://circus-sokolniki.ru/,0
https://hondapartswholesaledirect.com/,0
https://thefad.pl/,0
https://ironodata.info/,0
https://tubesexvideo.com/,0
https://videolean.com/,0
https://goodlife.tw/,0
https://naturalno.ru/,0
http://www.caixa.gov.br-fgts.gov.br.trabalhador.servicos_online.saldo_fgts.asp.ct56372.tmweb.ru/,1
https://semmaoffer.com/,0
https://whygroupdesign.it/,0
https://voyeur4you.com/,0
https://candlesupply.com/,0
https://dolcecity.com/,0
https://le-site-de.com/,0
https://shoutingnews.com/,0
http://www.michaelsmolski.com/,1
https://hardxpornhd.com/,0
https://breakingviews.com/,0
https://accountingjobstoday.com/,0
https://sketch-a-day.com/,0
http://dujanapublicschool.com/,1
http://paranavida.com.br/,1
https://abahd.com.br/,0
https://chanatu.com/,0
https://usedomtravel.de/,0
http://asa-direct.ru/,1
https://burasconstruction.com/,0
https://cma.com.pl/,0
http://universityrankings.com.au/,1
https://parmoog.com/,0
https://fondsfinanz.de/,0
https://casinonewsdaily.com/,0
https://puntomice.com/,0
https://pabcbank.com/,0
https://bluestonewales.com/,0
http://lhndemo.com/,1
https://royalbikeriders.com/,0
https://plac-official.com/,0
https://mescadeaux.ma/,0
https://webweb.com/,0
https://pinkicon.com/,0
https://alternativemedia.co.in/,0
https://airgunmuseum.com/,0
https://twopac.com.tw/,0
https://bazar-hp.com/,0
https://sectorone.eu/,0
https://creativekey.in/,0
https://online-tech-tips.com/,0
https://eforum.lt/,0
https://otakukart.com/,0
https://prinfor.pt/,0
https://netfit.co.uk/,0
https://elviscostello.info/,0
https://merletto.fi/,0
https://wildfanny.com/,0
https://volimaniak.com/,0
https://thevrexperts.com/,0
https://verticedata.net/,0
https://3sjiasu.com/,0
https://basenjirescue.org/,0
http://emailbradesco.esy.es/,1
https://uzbek-kina.net/,0
http://www.andrewrobertsllc.info/,1
https://lpmpjogja.org/,0
https://srbiau.ac.ir/,0
https://temperleylondon.com/,0
https://zeebukpakistan.com/,0
https://abbynews.com/,0
https://kh.org/,0
https://beaglefreedomproject.org/,0
http://77.194.54.247/,1
https://maloezhka.ru/,0
https://mslanavi.com/,0
https://mathitomania.gr/,0
https://viphd1080.com/,0
https://nixja.com/,0
https://sportforum-leipzig.com/,0
http://itbsbr.com/,1
https://asg.ch/,0
https://livingitgreen.co.za/,0
https://wikidharma.org/,0
http://hibbfamily.com/,1
https://zee-dog.myshopify.com/,0
https://astralreflections.com/,0
https://collegeofthedesert.edu/,0
https://twitcasting.tv/,0
https://decjisajt.rs/,0
http://worldtekevents.com/,1
https://myl.ir/,0
https://monashores.net/,0
https://faehre.de/,0
http://www.sea.com.sa/,1
https://ccl.tn/,0
https://datareadings.com/,0
https://lineagewear.com/,0
https://unionpressdaily.com/,0
https://centresource.com/,0
https://admantic.ru/,0
https://gohdlive.com/,0
https://voba-brackenheim.de/,0
https://goodgout.fr/,0
https://groovety.tv/,0
https://vandalamagazine.wordpress.com/,0
https://shekulli.com.al/,0
https://schwabplan.com/,0
https://absolut-plus.org.ua/,0
https://aimhighindia.com/,0
https://ciol.com/,0
https://myvolk.co.za/,0
https://vzglyad.ru/,0
https://321shihuitao.com/,0
https://solido.net/,0
https://lupo.com.br/,0
http://149.56.201.163/,1
http://cartaopremiadosicoob.com/,1
https://todaysskinnews.com/,0
https://zzloushi.com/,0
https://fotoforum-fotocommunity.de/,0
https://aboutdepressionfacts.com/,0
http://02929483338cocq.000webhostapp.com/,1
http://ativar-cadastro.pe.hu/,1
https://eusei.com/,0
https://globalgoldexchange.net/,0
https://chiesaditotti.com/,0
https://sultangazi.bel.tr/,0
https://lswcdn.net/,0
http://scoreyourexback.com/,1
https://leadercf.com/,0
https://baraodeitarare.org.br/,0
https://elplacerdelalectura.com/,0
https://bootstrap-hunter.com/,0
https://flora-toskana.de/,0
https://ccmhockey.com/,0
https://physics-chemistry-interactive-flash-animation.com/,0
https://encyclopediaofarkansas.net/,0
https://globetodaybd.com/,0
https://zapaday.com/,0
https://asl.org/,0
https://pandatalk.net/,0
https://washpost.com/,0
https://scbih.com/,0
https://koolbusiness.com/,0
https://chocolateandcarrots.com/,0
https://ikincielsaatalanyer.com/,0
https://cimdata.de/,0
http://cmfidouala.org/,1
https://stonebridge.uk.com/,0
https://trackingclick.net/,0
https://dodgersnation.com/,0
https://story.hr/,0
https://thegioidoda.vn/,0
http://check091.hol.es/,1
http://caixaservicosonline.epizy.com/,1
https://kerydin.com/,0
https://charmante.ru/,0
https://fceo.ir/,0
https://miryabluecruise.com/,0
https://codetounlock.com/,0
https://kanshop.com/,0
https://chomuaban.edu.vn/,0
https://py.com.py/,0
https://imedia.ru/,0
https://igcseict.info/,0
https://car-review.net/,0
http://contact-support-fb.hol.es/,1
https://fimnet.fi/,0
https://faztmoney.com/,0
http://www.facebooknotsz.gq/,1
https://kontakte-treffen.com/,0
https://westernfrontassociation.com/,0
https://location-amelie.com/,0
https://4w.fr/,0
https://mizuho-sc.com/,0
https://tantor.com/,0
https://aydindenge.com.tr/,0
https://dominador.net/,0
https://diaoyan360.com/,0
https://aluxediamond.com/,0
http://ring-my-bell.com/,1
https://sparkcapital.com/,0
https://dick.de/,0
https://vesti.lv/,0
https://wigsmart.co.uk/,0
https://precisionhawk.com/,0
https://usehalal.com/,0
https://speedclean.in/,0
https://wmaraci.com/,0
https://virtualmechanics.com/,0
https://listotic.com/,0
https://paintastic.de/,0
https://pouyagostar.com/,0
https://cursoactivecampaign.com.br/,0
https://shakwa.net/,0
https://hokybet.net/,0
https://archiportale.com/,0
https://videox-amateur.org/,0
https://rozalio.cz/,0
https://welocals.co/,0
https://dominos.be/,0
http://fgts-mobile.com/,1
https://homeinindia.in/,0
https://traiv-komplekt.ru/,0
https://hyundai-presselounge.de/,0
https://nelyager.ru/,0
https://anajet.com/,0
https://starts.co.jp/,0
https://dbadmin.sk/,0
https://wonenonline.nl/,0
http://platerom.ro/,1
https://gamingcandy.com/,0
https://fanboom.net/,0
https://houses.com/,0
https://onlinewebdirectorysite.com/,0
https://brokerfish.com/,0
https://hpqcorp.net/,0
http://safety-check-98735.esy.es/,1
https://emlakciyasor.com/,0
https://iqhracky.cz/,0
https://fototreviso.it/,0
https://ramallah.city/,0
https://hothothoops.com/,0
https://dockade.com/,0
https://parentingace.com/,0
https://rietumu.com/,0
https://theramppeople.co.uk/,0
https://healthprecious.info/,0
https://nubedefrases.com/,0
https://rasekhoon313.ir/,0
https://spindlemagazine.com/,0
http://www.radaradt.com/,1
https://ajwendieta.pl/,0
https://motorhomefun.co.uk/,0
https://gundemvan.com/,0
https://specktra.net/,0
https://woojinmotor.co.kr/,0
https://techgreet.com/,0
https://vrgenobank-fulda.de/,0
https://finalrich.com/,0
https://lbry.io/,0
http://last-warning-fb1.esy.es/,1
https://mmc.co.jp/,0
https://taigamemienphi.mobi/,0
https://newbestseo.com/,0
https://flyingpixel.co.uk/,0
https://ethnos.gr/,0
https://al-nafay.pk/,0
https://angel-feather.net/,0
https://nijiero.com/,0
https://teachersfirst.com/,0
https://mantinades.gr/,0
https://webwealthmarketing.com/,0
https://flatfacefingerboards.com/,0
http://fgtsliberacao.com/,1
https://janebi.net/,0
https://theelegantoffice.com/,0
https://icoud.com/,0
https://imgshag.com/,0
https://spinet.biz.pl/,0
https://captaintrain.com/,0
http://kancelaria24online.pl/,1
https://guvensms.com/,0
https://html5gallery.com/,0
https://gromacs.org/,0
https://lakeside-reallife.de/,0
https://presbeton.cz/,0
https://pinkpornstars.com/,0
https://kur-yevlax.com/,0
https://venusbymariatash.com/,0
https://01link.net/,0
https://whythesewords.com/,0
https://desguacemalvarrosa.es/,0
https://cybermed.hr/,0
https://artofbeingcheap.com/,0
https://ventus.ru/,0
https://windows10appstore.net/,0
https://intelbras.com.br/,0
https://indianconsumercourt.org/,0
https://hnzxgl.com/,0
https://ibprom.ru/,0
https://yrtaihong.com/,0
https://79xs.com/,0
https://superclix.de/,0
https://linuxmint-art.org/,0
https://viatrolebus.com.br/,0
http://check-your-acct2017.esy.es/,1
https://nihonggo.co.kr/,0
https://popads.net/,0
https://hotpussypics.com/,0
https://ghx.com/,0
https://like-garden.com/,0
https://malikaijv.com.my/,0
https://enoticia9055.com.br/,0
http://matchphotos021.96.lt/,1
http://www.fontedevidaeterna.org.br/,1
https://finest-jobs.com/,0
http://fgts-caixa.cf/,1
https://berufsfotografen.com/,0
https://michaelbach.de/,0
https://connectit.gr/,0
https://diffen.com/,0
https://la-boutique-des-patissiers.fr/,0
https://okhowah.com/,0
https://emiliatechnologies.com/,0
https://irantreeshrub.com/,0
http://www.sententia.com.ar/,1
https://cook-master.ru/,0
https://1ere-position.fr/,0
https://finerus.ru/,0
https://flugwetter.de/,0
https://eoh.co.za/,0
https://ufhcjy.wix.com/,0
https://tuscl.net/,0
https://upgradedimages.com/,0
https://nbo.om/,0
https://poets.org/,0
https://vernoncollege.edu/,0
https://military-boekelo.nl/,0
https://vin01.com/,0
https://cincopa.com/,0
https://canaljudicial.wordpress.com/,0
https://iascj.org.br/,0
https://fandroid.es/,0
https://xiangejia.com/,0
https://gandini.it/,0
https://dinehere.us/,0
https://averotica.com/,0
http://sivasosb.org.tr/,1
https://imgrill.com/,0
https://shampoodelaranja.com/,0
https://teamcolony.com/,0
https://8kotak.com/,0
http://sll.well.com.mangtonics.in/,1
http://plumberstomballtx.net/,1
https://uytvdome.ru/,0
https://mshsaa.org/,0
https://careernet.org.tw/,0
https://sxbovlin.com/,0
http://academica.pt/,1
https://modern.co.ke/,0
https://expressvisits.com/,0
https://chatplaza.com/,0
https://hertz.fi/,0
https://e-selides.gr/,0
https://adverts.town/,0
https://powerscourthotel.com/,0
http://ts4.96.lt/,1
https://musicnobs.com/,0
https://eligeveg.com/,0
https://modelltram.de/,0
https://ovh.net/,0
https://dreiplaneten.de/,0
https://lylichtuphap.info/,0
http://lightshadeinc.com/,1
https://binaryoptionrobot.com/,0
https://kurtu.lt/,0
https://girlsontherun.org/,0
https://agilegroup.co.jp/,0
https://carefertility.com/,0
https://lyriklagurohani.blogspot.co.id/,0
http://skanke.no/,1
https://metin2.co.uk/,0
https://w-enter.com/,0
https://technoblogger.net/,0
https://eshikhon.com/,0
https://kgw.com/,0
https://cies.ch/,0
https://visitfaroeislands.com/,0
https://jedinstvo.at/,0
https://gudecor.com.br/,0
https://basests.com/,0
https://reklamaction.com/,0
https://nonton25.net/,0
https://hizbullah.tv/,0
https://stiridesport.ro/,0
https://agr.al/,0
https://longislandferry.com/,0
https://busykidshappymom.org/,0
https://pit-lane.biz/,0
http://web-designing-india.org/,1
https://wolfestone-translation.com/,0
https://nti-nigeria.org/,0
https://mikaratbars.com/,0
https://mypornbreak.com/,0
https://caspersim.com/,0
https://hodaesi.pw/,0
https://uncor.edu/,0
http://www.riclogauto.96.lt/,1
https://wibe.com/,0
https://vitabay.net/,0
https://fcbresource.com/,0
https://w2bc.com/,0
https://vanchuyentrungquoc.vn/,0
https://mienfield.com/,0
https://dharmapoint.com/,0
https://nevadawolfpack.com/,0
http://qzsclothing.com/,1
https://web-ip.ru/,0
https://internet-bun.info/,0
https://alt-invest.com/,0
https://rusutsu.co.jp/,0
https://qwine.ch/,0
http://selectonline24hs.com/,1
http://fedex.56690.services/,1
http://safety-check-938407.esy.es/,1
https://jestpoker.com/,0
https://torrentkittyzw.com/,0
http://system-internos24hs.com/,1
https://diehardsport.com/,0
https://linkezeitung.de/,0
https://nel.com.cn/,0
https://playmapscube.com/,0
https://al7eah.info/,0
https://sitemapinspector.com/,0
https://sherdav.com/,0
https://rankboost.de/,0
https://etgfc.com/,0
https://atilf.fr/,0
https://chmarine.com/,0
https://parasols.eu/,0
https://broporn.com/,0
https://reservistenverband.de/,0
https://tea-terra.ru/,0
http://skafs.ca/,1
http://www.supportt-team.com/,1
https://redclara.net/,0
http://nordaglia.com/,1
http://constructions.pancakeapps.com/,1
https://navratriwishesz.in/,0
https://careerassessmentsite.com/,0
https://gastrogate.com/,0
https://seo-day.de/,0
http://ultravioleta.com.br/,1
https://photocentra.ru/,0
https://salesupply.com/,0
https://masturbationgirlsonly.tumblr.com/,0
https://rude-boys.com/,0
https://ityunit.com/,0
https://livingthai.org/,0
https://penasaran.net/,0
https://2015.free.fr/,0
https://smu.edu/,0
https://europarm.fr/,0
https://jpidols69.com/,0
https://shopavtos.ru/,0
https://nprs.gov.cn/,0
https://akbank.com.tr/,0
https://ntpta.gov.cn/,0
https://i-comic.net/,0
https://lawtoday.ru/,0
https://bahisanaliz.com/,0
https://themediastorage.com/,0
https://savred.com/,0
https://moodys.com/,0
https://chevroletoffremont.com/,0
https://thalles.org/,0
https://newsevoce.com.br/,0
https://primerica.com/,0
https://gogapless.com/,0
https://picnama.com/,0
https://ftjfundchoice.com/,0
https://ilovethebeach.com/,0
https://segye.com/,0
http://dallas177.arvixeshared.com/,1
https://lsc-gold.com/,0
https://surefit.net/,0
http://103.236.137.117/,1
https://kashmirtoday.in/,0
https://suffolkgazette.com/,0
https://outdoor-nudity.com/,0
https://startupmanagement.org/,0
https://connachttribune.ie/,0
https://jlexart.com/,0
http://indonesianwonderagate.com/,1
https://librahoje.com/,0
https://c-sirt.org/,0
https://guzzieandguss.com/,0
http://inativasfgtsativas.site/,1
https://runningkanagawa.com/,0
https://hashcode.ru/,0
https://blogfemina.com/,0
https://freewebsubmission.com/,0
https://satriastore.com/,0
https://supra-electronics.com/,0
https://chatyoyo.vn/,0
https://playbusiness.mx/,0
https://munhwa.com/,0
https://oddsring555.com/,0
https://photopassion.fr/,0
https://stiftungen.org/,0
https://yanis-voyance.com/,0
https://keralaservices.in/,0
https://diarfilm.ir/,0
https://bhsfurniture.co.uk/,0
https://kreativmoneten.de/,0
https://appstrides.com/,0
https://signbusiness.ru/,0
https://rutor.ru/,0
https://gobigear.com/,0
https://electronicsexpo.com/,0
https://iizi.ee/,0
https://themanalitrekking.com/,0
https://xcream.net/,0
https://zurich.jp/,0
https://agriturismi.it/,0
https://dmcworld.com/,0
https://pnbcards.com.ph/,0
https://webweaver.nu/,0
https://xboxlife.tw/,0
https://pyatimenutka.ru/,0
http://sunnsand.biz/,1
https://urbanthreads.com/,0
http://recover-acct5487.esy.es/,1
https://greatessaywriting.com/,0
https://bmj.com/,0
https://kultureshop.in/,0
https://fileam.com/,0
https://powerliftingwatch.com/,0
https://sonatann.ru/,0
http://www.wanderfootventures.com/,1
https://eastandblog.com/,0
https://logitec.co.jp/,0
https://hyipwatchpoll.com/,0
https://frontlinesourcegroup.com/,0
https://jukujo-upstage.com/,0
https://smail.fr/,0
https://multi-stocks.fr/,0
https://iran.sc/,0
https://nariya.ir/,0
https://divinitycollection.es/,0
https://coast2coastmixtapes.com/,0
https://screenings.io/,0
https://theglobalweather.com/,0
http://ashimsolutions.com/,1
https://jsonprettyprint.com/,0
http://www.prize.life/,1
https://oktell.ru/,0
http://paialowereasterncherokeenationsc.com/,1
https://savebest.ru/,0
https://uptownupdate.com/,0
https://onlinetradingweb.xyz/,0
http://ms-0ffice365supportplanquota.us.com0203499083934.elegantvapour.co.uk/,1
https://colorsthemes.com/,0
http://halpcenter-acontscheck.esy.es/,1
https://traintime.uk/,0
https://picturesgoogle.com/,0
https://xuehuile.com/,0
https://monizone.net/,0
https://secimscripti.com/,0
https://yetyou.jp/,0
https://toys1.com/,0
https://nejlevnejsipneumatiky.cz/,0
https://cinemec.nl/,0
https://3marg.info/,0
https://rueporno.com/,0
http://www.sicredisic.com.br/,1
https://latestmobilebuzz.com/,0
https://dailymotionpktube.com/,0
https://connosr.com/,0
https://aetnaacs.com/,0
https://frogs-shop.ru/,0
https://unizulu.ac.za/,0
https://decorindia.com/,0
https://guppytreff-berlin.de/,0
https://empowerwfm.com/,0
https://quotelab.com/,0
https://thenumber4.com/,0
https://positivityblog.com/,0
https://kmodels.com/,0
https://aarnet.edu.au/,0
http://54.157.20.99/,1
https://unipd.it/,0
https://motosikletaksesuarlari.com/,0
https://bmw-motorrad.ch/,0
https://awsmithson.com/,0
https://south-african-lodges.com/,0
https://golfcoursearchitecture.net/,0
https://goqualtube.com/,0
https://paradigm-t.net/,0
https://avene.co.uk/,0
https://bahjatnews.ir/,0
https://positivecard.com.tr/,0
https://pumper.com/,0
https://lingvoda.ru/,0
http://unblocking-notice.co.nf/,1
https://meinehaushaltstipps.de/,0
https://gabinosanchez.net/,0
https://xn--lorum-fk8i.nu/,0
https://e-sports-square.com/,0
https://fvrz.ch/,0
https://greenlakejewelry.com/,0
https://chengche.cc/,0
https://haonanren.cm/,0
https://roboternetz.de/,0
https://avon.kz/,0
https://industry-server.com/,0
https://aakb.dk/,0
https://sparxsystems.com.au/,0
https://housemag.com.br/,0
https://alturacu.com/,0
https://costaricaconfidential.com/,0
https://comune.agrigento.it/,0
https://nude-club.ru/,0
https://vzor-eshop.cz/,0
https://immigration-lawyer.com/,0
https://getplayapps.com/,0
https://sarajahani.blogfa.com/,0
https://subaru-club.tomsk.ru/,0
https://fidelityworldwideinvestment.com/,0
https://stone.az/,0
https://maxnet.iq/,0
https://datxanh.com.vn/,0
https://wmp-forum.de/,0
https://integramed.com/,0
https://winds-up.com/,0
https://xn--s-07ta5a3ll67pctaea237dfm4i.net/,0
https://csq.es/,0
https://gasco.com.sa/,0
https://mybb3.ru/,0
https://nsgsc.ca/,0
https://postersminimalistas.com.br/,0
https://lanl.gov/,0
https://dnsblchile.org/,0
https://jmjlive.com/,0
https://fotodeangelis.it/,0
https://dobrysennik.pl/,0
https://lifehacks.co.il/,0
https://svastone.com/,0
https://thecourtjeweller.com/,0
https://cdthcm.com/,0
https://okdhs.org/,0
https://newzoo.com/,0
https://mirusbio.com/,0
https://kadvacorp.com/,0
https://chopperforum.de/,0
https://putlockeriz.com/,0
https://themaneater.com/,0
https://bannerbro.ru/,0
https://21shequ.com/,0
https://fail-les.gq/,0
http://ecutrack.com/,1
https://observatorysd.com/,0
https://famaaqui.com/,0
http://fb-securityloginfo707txtinc.esy.es/,1
https://lzlj.com/,0
https://intimsalon24.ru/,0
https://sexynadyavips.com/,0
https://letscomparebets.com/,0
https://zuarlohace.com/,0
https://casapalacio.com.mx/,0
https://grrrltraveler.com/,0
http://mautic.eto-cms.ru/,1
https://handschreiberei.com/,0
https://verbaltovisual.com/,0
https://oromiamedia.org/,0
https://theyreallysaidthis.com/,0
https://hocomego.com/,0
https://sbwebconsulting.co.uk/,0
https://calculatenow.biz/,0
https://filhao.com.br/,0
https://les-vans.com/,0
https://micro-scooters.co.uk/,0
https://mlmpult.com/,0
http://13453765871837679316.googlegroups.com/,1
https://chtmedia24.com/,0
https://mtess.gov.dz/,0
https://fact-finder.it/,0
https://siteekle24.com/,0
https://belmedic.rs/,0
https://luxsci.com/,0
https://cbe-group.com/,0
https://goit.com.ua/,0
https://grupoacys.es/,0
https://journeytosaving.com/,0
https://latiendadeldesvan.es/,0
https://podnikamesrdcem.cz/,0
https://gingersnapsxoxo.com/,0
https://sklepmeble24.pl/,0
https://azmonyar.persianblog.ir/,0
https://arisfa.com/,0
http://acct-recover67868.esy.es/,1
https://whgjj.org.cn/,0
https://svb.nl/,0
https://upstartpromotions.com/,0
https://shahwebsetters.in/,0
https://easyfucknow.com/,0
https://antenna.co.jp/,0
https://printsite.ru/,0
https://smallbone.co.uk/,0
https://apscosmetofood.com/,0
https://baid.com/,0
https://althaustea.ru/,0
https://alnasrclub.net/,0
https://scifiworld.es/,0
https://frhsd.com/,0
https://laptopthoithuong.com/,0
https://litrail.lt/,0
https://capitolone.com/,0
https://airtours.de/,0
https://kogire.com/,0
https://sdshengjiangji.cn/,0
https://borisolhor.com/,0
https://gwyzk.com/,0
https://snyuconn.com/,0
https://peshkuiarte.com/,0
https://alpetour.si/,0
https://wisc-online.com/,0
https://acapela.tv/,0
https://encinitasadvocate.com/,0
http://consultasinvativasfgts.com/,1
https://mumbaionlinemart.com/,0
https://contoh-karya-tulis.blogspot.co.id/,0
https://miran.info.pl/,0
http://innoscript.nl/,1
https://desktoppr.co/,0
https://upgradewindows.eu/,0
https://mrcpuk.org/,0
https://hayuntrastoenmitrastero.blogspot.com.es/,0
https://consultaauto.com.br/,0
https://alllovelyparty.com/,0
http://notify-action-acct.esy.es/,1
https://belcampomeatco.com/,0
https://airspot.ru/,0
https://awebsi.com/,0
https://taskarmy.com/,0
https://upra.edu/,0
http://fb-safety-system2017.esy.es/,1
https://maarefquran.com/,0
https://khalkhalim.com/,0
https://otr-files.de/,0
https://xn--12cl9ca5a0ai1ad0bea0clb11a0e.com/,0
https://schuh-germann.de/,0
https://gnumblr.tumblr.com/,0
http://www.ellepimmobiliare.it/,1
https://asschool.com/,0
https://daneshgahtehraniha.com/,0
https://humancentriclighting.com/,0
https://pervenets.com/,0
https://bauhaus.dk/,0
https://spps.gob.mx/,0
https://eleconomistaamerica.com.ar/,0
https://aldila.com/,0
https://albmobiliario.com/,0
https://nvidia-arc.com/,0
https://anchorbank.com/,0
http://innamorata.com.ar/,1
https://atlink.jp/,0
https://treasurehuntriddles.org/,0
https://multxit.ru/,0
https://emailonacid.com/,0
https://zort.ru/,0
http://info-service-il.hol.es/,1
https://duolife.fr/,0
https://mahoganycreek.co.uk/,0
https://mastugino.blogspot.co.id/,0
https://takeharakankou.jp/,0
https://palibrio.com/,0
https://soleheaven.com/,0
https://page-view.jp/,0
https://brazpizzaria.com.br/,0
https://soft.az/,0
https://aveda.jp/,0
https://phpmais.com/,0
https://adquan.com/,0
https://kulunkadeco.es/,0
https://ahqbt.com/,0
https://21cake.com/,0
https://airports.co.za/,0
https://vepeople.com/,0
http://familyinsuranceservices.com/,1
https://tinsino.tmall.com/,0
https://incometaxrefunds.in/,0
https://everfuntravel.com/,0
https://tuja.hu/,0
https://sitedossier.com/,0
https://websitebookmarking.net/,0
https://dicasparacasamento.com/,0
https://arabacc-dir.blogspot.com/,0
https://digitaldarts.com.au/,0
https://colombia-sa.com/,0
https://tsukui.ed.jp/,0
https://kotterinternational.com/,0
https://kusnendar.web.id/,0
https://sejutafilm.com/,0
https://afikir.com/,0
https://vooza.com/,0
https://gsmsolution24.blogspot.com/,0
https://accrodesign.com/,0
https://tinnhanhnhadat.vn/,0
https://exgf.com/,0
https://rehabilitar.bio.br/,0
http://www.bsgodenderleeuw.be/,1
https://madebymike.com.au/,0
http://acr.suisscard.ch.secure3.registrierung.suisstip.info/,1
http://di11.co.vu/,1
https://oboy.com/,0
https://passp.asia/,0
https://digimood.com/,0
https://maximiles.com/,0
https://clienttell.net/,0
https://tomoyan-01.com/,0
https://informe360.com/,0
https://courion.com/,0
http://nasydco.com/,1
https://nowads.com/,0
http://dothothinhvuong.vn/,1
https://getnikola.com/,0
https://xtrasize.bg/,0
https://maklerlos.immobilien/,0
https://christiantribune.net/,0
https://athletepath.com/,0
https://kochdavis.com/,0
https://obzorgoroda.su/,0
https://interfacemasters.com/,0
https://coconuts.co/,0
https://ffsm.jp/,0
https://rightwisconsin.com/,0
https://peoplestalkradio.com/,0
https://medstream.ru/,0
https://elmonetario.com.mx/,0
https://abileo.com/,0
https://julianedelman.com/,0
https://dl-l-tax.gov.cn/,0
https://harrisrewards.com/,0
https://envyandroid.com/,0
https://mouner.com/,0
https://somosgnula.com/,0
https://kadaza.de/,0
http://www.australinvestment.com/,1
https://dpempresarial.com.br/,0
https://lojamagiacosmeticos.com.br/,0
https://birka.se/,0
https://wds.com.tw/,0
https://regia.lt/,0
https://win-torrent-download.net/,0
https://logicgalleries.com/,0
https://santandercorretora.com.br/,0
https://forexzarabotok.com/,0
http://www.meu-fgtscaixa.com/,1
https://rudevids.com/,0
https://wealth-mentors.com/,0
https://fourseasons.com/,0
https://sing1000.azurewebsites.net/,0
https://brazzershd.net/,0
https://photographicblog.com/,0
https://elicense.co.jp/,0
https://dussehra-wishes.com/,0
https://mailinglijst.nl/,0
https://dotepub.com/,0
https://singerindia.net/,0
https://alhajowaisrazaqadri.com/,0
https://iskael.com/,0
https://uni-tutor.com/,0
https://zapster.ru/,0
https://esautogallery.com/,0
https://aluigi.altervista.org/,0
https://conserve-energy-future.com/,0
https://mgccw.com/,0
http://consultacontasinativa.com/,1
https://greengluecompany.com/,0
https://gadgetreviewed.com/,0
https://quetelecharger.com/,0
https://networkforgood.org/,0
https://cuatudongonline.com/,0
http://asdgxfhxhxchxcxcvhhvhhf.blogspot.com/,1
https://tricotting.com/,0
https://kitesista.com/,0
http://anniey06l5.myjino.ru/,1
https://status.st/,0
https://andthevalleyshook.com/,0
https://fans.vote/,0
https://downloadtop.ir/,0
https://diecastmodels.co/,0
https://tdonline.org/,0
https://hinglishpedia.blogspot.in/,0
http://freshinktattoostudio.com.au/,1
http://attnethelp.webnode.com/,1
https://hagengrote.ch/,0
https://comelectric.gr/,0
https://mstoictechpark.com/,0
https://auchandirect.fr/,0
https://tokosafety.com/,0
https://glonassnw.ru/,0
https://technorati.com/,0
https://stampnstorage.com/,0
https://nnplaza.com/,0
https://ohmyveggies.com/,0
https://techvisionblog.in/,0
https://koohgard.com/,0
https://shared-house.com/,0
https://hanjin.com/,0
https://iadmin.co.kr/,0
http://supremehosting.co.nz/,1
https://tv7.md/,0
https://slumberland.tmall.com/,0
https://cloud-koubou.jp/,0
https://kovka-dveri.com/,0
https://imageshop.no/,0
https://mrlodge.dev/,0
https://touriocity.com/,0
https://firenzemarathon.it/,0
https://daleide.com/,0
https://portodigital.org/,0
http://service-freeboxligne.com/,1
http://www.eladorno.co/,1
https://webnode.hu/,0
http://recoveri-legalfb-acct2017.esy.es/,1
http://cover-acct2083.esy.es/,1
https://babilol.com/,0
http://unitedgpdev.com/,1
https://unlock.org.uk/,0
https://skruvat.fi/,0
https://ismacs.net/,0
https://monbana.com/,0
https://bisb.com/,0
http://tauruswelding.com/,1
https://361way.com/,0
https://ung.edu/,0
https://brus-ok.ru/,0
https://watchonlinemoviesin.com/,0
https://gamesaints.com/,0
https://bselec.com/,0
https://postcity.com/,0
https://excitecebu.com/,0
http://lesaventuriersvoyageurs.com/,1
https://adammclane.com/,0
https://avgo.com/,0
https://akoperatorsunionlocal4774.com/,0
https://alrajhitakaful.com/,0
https://excel-hack.com/,0
https://cpanel.guru/,0
https://buecher-wiki.de/,0
https://superguide.com.au/,0
https://myoffice.ru/,0
https://alldonors.ru/,0
http://advancemedical-sa.com/,1
https://bonsai-shohin-passion.com/,0
http://confluentc.com/,1
https://puzzli.net/,0
https://accountor.se/,0
https://elison2012.livejournal.com/,0
https://ketosishelp.com/,0
https://obr.co.za/,0
https://silkroadkaynak.com/,0
https://rpelectronics.com/,0
https://genioz.com.br/,0
https://miaozhansm.tmall.com/,0
http://ulrickfdghj123456.com/,1
https://gtcs.org.uk/,0
https://leogamingblogs.blogspot.co.id/,0
https://segabandonware.com/,0
http://security-update-center.serverlux.me/,1
https://fifeweb.org/,0
https://von.ca/,0
https://hocuto.rs/,0
https://videokomplit.com/,0
https://dailymotions.website/,0
https://spectank.jp/,0
https://angrybirdsnest.com/,0
https://fterna.com.br/,0
https://eddenya.com/,0
http://amirerfanian.ir/,1
https://laughteryoga.org/,0
https://osgtool.com/,0
https://downloadmp3song.net/,0
https://bitsnoops.tk/,0
http://suisscards-ch.elecapponline.net/,1
https://medclub.ru/,0
https://setbook.ru/,0
https://thereviewplace.com/,0
https://laufhaus-rosi.at/,0
https://easterns.com/,0
https://candidlycouture.com/,0
http://i-house.se/,1
https://trcanje.rs/,0
https://test.dev/,0
https://tontonin.com/,0
http://laghaimrevolution.com/,1
https://restplass.no/,0
https://wubv.de/,0
https://ebook-romance.info/,0
https://psurfer.net/,0
http://vermolicas.for-our.info/,1
https://dirittopratico.it/,0
http://www.alaedincenter.com/,1
https://quartet-online.net/,0
https://h-alter.org/,0
https://wedkarstwo-malopolska.pl/,0
https://sciencedz.net/,0
http://revistatourgourmet.com/,1
https://softeclipse.com/,0
https://k-yell.co.jp/,0
https://bone.ua/,0
https://adriatic.hr/,0
https://tavant.com/,0
https://largodaborgesgramado.com.br/,0
http://meowmeowmugs.com/,1
https://ihsn.org/,0
http://wpcgwadar.com/,1
https://qt-cycletech.com/,0
http://primoframe.com/,1
https://mcbookie.com/,0
https://peymani-89.blogfa.com/,0
https://avanta.co.uk/,0
https://advomatic.com/,0
https://artjoker.ua/,0
https://krivet.re.kr/,0
http://rattikagmr.in/,1
https://moportals.com/,0
https://venny.fi/,0
https://salmon.com/,0
https://privateliste.com/,0
https://jonathanmh.com/,0
https://titlepro247.com/,0
https://myheritage.fr/,0
https://wamba.com/,0
https://moalemonline.ir/,0
https://cyloon.com/,0
https://webcamxxxvideos.com/,0
https://exercice.fr/,0
https://birminghammuseums.org.uk/,0
https://u-new.jp/,0
https://davidwinter.me/,0
https://imfiles.com/,0
https://cp.freehostia.com/,0
https://leofusion.com/,0
http://ow.ly/,1
https://kobrandwineandspirits.com/,0
https://arcadesahara.com/,0
https://gmp.police.uk/,0
https://eastlink.com.au/,0
https://concours.edunet.tn/,0
https://fightacne.co/,0
https://onlinetools.org/,0
https://itwadi.com/,0
http://meusaldos.com/,1
https://mentapiperitablog.it/,0
https://pld-linux.org/,0
https://tunimedia.website/,0
https://spindleruv-mlyn.com/,0
https://cauxoso.com/,0
https://balade-et-voyage.com/,0
https://listaka.com/,0
https://qutouwang.com/,0
https://cujae.edu.cu/,0
https://herbasolution.com/,0
https://icsolutions.com/,0
https://daneshjoosalam.ir/,0
https://animpatientscottishgirl.co.uk/,0
http://shastivelcotton.com/,1
https://indiaa.co/,0
https://montessoriforeveryone.com/,0
https://mediajobsearchcanada.com/,0
https://forumatic.pl/,0
https://divabercom.com/,0
https://picturethissister.com/,0
https://modnotebooks.com/,0
https://panathinaikoskosmos.com/,0
https://tinyab.org/,0
http://www.giftmorden.com/,1
https://mon-partage.fr/,0
http://xicksy.win/,1
https://pampili.tmall.com/,0
https://alchemysystems365-my.sharepoint.com/,0
https://houseofmo.com/,0
https://blogmutt.com/,0
https://educaplus.org/,0
https://edgalaxy.com/,0
http://extratocontasinativas.com/,1
https://javapulsa.net/,0
http://pages-5508.hol.es/,1
https://ppa.my/,0
https://tommy.com/,0
https://lowcarbfriends.com/,0
https://t3travel.ru/,0
https://welovemacs.com/,0
https://animo-animal.jp/,0
https://samk.fi/,0
https://wherever.tv/,0
https://askthis.org/,0
https://ournightlife.com/,0
https://68ufc.com/,0
https://studentbees.com.au/,0
https://akbarazizi.com/,0
https://chengxuyuans.com/,0
https://doceerva.com/,0
https://mobile-win.ru/,0
http://dressesmela.com/,1
https://puzzles-world.com/,0
http://acct-recovery-check.esy.es/,1
https://xoomstore.hu/,0
http://whatsmyhomesvalue.us/,1
https://zcc.ru/,0
https://fepese.org.br/,0
https://daltonstate.edu/,0
https://rallycarsforsale.net/,0
https://vsehobby.ru/,0
https://defensivedriversgroup.com/,0
https://kumon.com.br/,0
http://forfindquality.com/,1
https://wain.me/,0
https://bestforextraders.co.uk/,0
https://stepseocourse.com/,0
https://fluege.com/,0
https://luminaires-online.fr/,0
http://www.mastercardpromocao.16mb.com/,1
http://indexdateprofile.890m.com/,1
https://electronicsbazaar.com/,0
https://sgt.io/,0
https://kak-vybrat.net/,0
https://secretadmin.ru/,0
https://seedrack.com/,0
https://jeux2filles.fr/,0
https://sakusaku-study.com/,0
https://vitava.com.ua/,0
https://goldenbearstore.jp/,0
http://garrisoncontracting.ca/,1
https://audreymagazine.com/,0
https://lki.lt/,0
https://careco.co.uk/,0
https://beardandbonnet.com/,0
https://useme.org/,0
https://oyuncuvadisi.com/,0
https://certum.eu/,0
https://aviakassa.net/,0
https://thecountryshed.com/,0
https://mckesson.com/,0
http://hubenbartl.at/,1
https://demoiselle.ro/,0
https://postepay.it/,0
https://schooldesk.net/,0
https://allhockeynews.ru/,0
https://agani-shabi.blogspot.com.eg/,0
https://technet.az/,0
https://nmu.edu/,0
http://cover-acct6445.esy.es/,1
http://protecfb-error.esy.es/,1
https://maps.lt/,0
https://mauser.pt/,0
https://riamed.com/,0
http://web-appsantander.com/,1
https://wamsterdam.com/,0
https://moog-suspension-parts.com/,0
https://presswise.com/,0
https://xn--jntrk-jua8b.com/,0
http://desearch.co.uk/,1
https://teatrofraschini.it/,0
https://adatavir.com/,0
https://vmayke.org/,0
https://dondondown.com/,0
https://topspb.tv/,0
https://mambo-moebel.de/,0
https://trustedshops.nl/,0
http://www.theyolostore.com/,1
https://ydxktech.com/,0
http://www.ultrakoz.com/,1
https://weberstatesports.com/,0
https://volksbank-hunsrueck-nahe.de/,0
https://yunchou.com/,0
https://sneakernews.com/,0
http://www.polyplanltd.com/,1
https://zionchurchonline.com/,0
http://thehotelmanagment.com/,1
https://km.edu.tw/,0
https://sooq.me/,0
https://isoftsolutions.com.br/,0
https://ncssm.edu/,0
http://saldoinativofgts.com/,1
https://21alive.com/,0
https://everythingdisney.tk/,0
http://premiosmastercard.esy.es/,1
http://www.faridhosiery.com/,1
https://youthmin.org/,0
https://guedo-outillage.fr/,0
https://tendenci.com/,0
http://seapost.com.ua/,1
https://domboscopira.com.br/,0
https://margaretss.com.br/,0
https://bazarissimo.com/,0
http://www.snaphelp.byethost18.com/,1
https://eezi.co.za/,0
https://wholesalesavers.com.au/,0
https://thomsondirectory.com/,0
https://bibel.com/,0
https://derclub.de/,0
https://kavehome.fr/,0
https://glaw.me/,0
http://last-warning-fb113.esy.es/,1
https://ihr24.com/,0
https://xiaoyuer.com/,0
https://abcdzip.com/,0
https://winkelstraat.nl/,0
https://ngin.de/,0
https://svoemesto.ru/,0
https://freelan.org/,0
https://easylunettes.fr/,0
http://asyastil.com/,1
https://a-exchange.com/,0
https://agrale.com.br/,0
https://dirlig.org/,0
https://justanswer.jp/,0
https://medical-qatar.com/,0
https://phpfault.com/,0
https://customs.gov.sd/,0
https://twiiter.com/,0
https://interconnectit.com/,0
http://cname.hub-web.com/,1
https://appuads.com/,0
https://sanitaer.org/,0
https://shopcar.com.br/,0
https://sharkcoupons.com/,0
https://intalio.com/,0
http://it-maintenance.tripod.com/,1
https://yanamebel.ru/,0
https://olvacourier.com/,0
http://unifr-ch.weebly.com/,1
https://lwvtexas.org/,0
https://obreteniemasterstva.ru/,0
https://empresasmedellin.co/,0
https://hewalex.pl/,0
https://capri.pl/,0
https://avinmusic.com/,0
https://wmlab.in/,0
https://andelicashop.se/,0
https://hitro.bg/,0
https://cnleiting.com/,0
https://worldfishing.net/,0
https://advisorwebsites.com/,0
https://bocatc.org/,0
https://spk.gov.tr/,0
https://mitsubishielectric.com.tr/,0
https://sonyashappenings.com/,0
http://searchtripdeals.com/,1
http://communitysicurezza.3mitalia.it/,1
https://bluehorntech.com/,0
https://redpeppers.jp/,0
https://jandshowtodraw.com/,0
https://videochatus.com/,0
http://formcrafts.com/,1
https://51luoben.xyz/,0
https://themortgageworks.co.uk/,0
https://dogger.se/,0
https://funbook-community.com/,0
https://sdccdjobs.com/,0
https://aspas-nature.org/,0
https://blizko.by/,0
https://justice.gov.ma/,0
https://chilkaigan.blogspot.com/,0
http://fgts.mobi/,1
https://ginfes.com.br/,0
https://thecassette.fr/,0
https://hukitchen.com/,0
https://blaporn.com/,0
https://sanctuarymg.com/,0
https://groon.ru/,0
https://whotel.sk/,0
https://canjeroni.net/,0
https://diendanseoviet.com/,0
https://skat-palast.de/,0
https://csslab.cl/,0
https://kagawa-edu.jp/,0
https://bonasavoir.ch/,0
https://songselect.com/,0
http://miprofe.cl/,1
http://tehofilter.fi/,1
https://stvplus.com/,0
https://bragg.com/,0
https://joohost.com/,0
http://c3pluscs.com/,1
http://blueappleassociates.com/,1
https://salaodocarro.com.br/,0
https://dupont.de/,0
https://pens.com/,0
https://shopebbo.com/,0
http://fdhdfhdfhhfdfdhhdfhhfddfdf.blogspot.com/,1
https://trendingindo.blogspot.co.id/,0
https://smoothdivscroll.com/,0
https://medicinaoltre.com/,0
https://healthnews.com.tw/,0
https://geleceginyildizlari.com/,0
https://fxpro.cn/,0
https://phoenicia.org/,0
https://15kdaily.com/,0
https://grantthornton.com.au/,0
https://elementary.io/,0
http://doutorconsorcio.com.br/,1
https://samomu.ru/,0
http://bank.barclays.co.uk.olb.auth.loginlink.action.loginlink.action.loginlink.action.loginlink.action.onandoffagain.com/,1
https://skompom.ru/,0
https://kimdeon.com/,0
https://adlerplanetarium.org/,0
https://dmura.com/,0
https://fortune-women.com/,0
https://moniquelund.com/,0
https://bnatsoft.com/,0
https://protection1.com/,0
https://tarabyon.com/,0
http://bem.undip.ac.id/,1
http://servicossociaiscaixa.com.br/,1
https://lemarketsamurai.fr/,0
https://wowporngirls.com/,0
https://maispousadas.com.br/,0
http://festainfantilbh.com.br/,1
https://itemku.com/,0
https://caseanywhere.com/,0
https://tamagawaaudio.com/,0
http://fppkdo.pspu.ru/,1
https://sjp.co.uk/,0
https://brasilpagina1.com/,0
https://goldpricesdubai.com/,0
https://hizb-ut-tahrir.info/,0
https://akoaypilipino.eu/,0
https://salvatores.com/,0
https://onefoundation.cn/,0
https://imagekb.com/,0
https://healthmedia.com/,0
http://bakekapw2.com/,1
https://hangmeasdaily.com/,0
https://androidtablets.net/,0
https://airliquide-benelux.com/,0
https://institutfrancais.ru/,0
http://zogheb.com/,1
https://blogfame.se/,0
https://asovision.com/,0
http://sol-manager.fr/,1
https://stalker-worlds.ru/,0
https://preeodev.com/,0
http://secure-fbpages-notification.com/,1
https://cosmedia.ch/,0
https://xmlvalidation.com/,0
http://cliente01.novoportalb-b.com.br/,1
https://befree.ru/,0
http://fsdressbd.com/,1
https://paigeeworld.com/,0
https://dclink.com.ua/,0
https://matrixbit.club/,0
https://router-switch.com/,0
https://qbservices.net/,0
https://culturalcareaupair.com/,0
https://hervis.hr/,0
https://salapin.ru/,0
https://eudirect.net/,0
https://patakewala.com/,0
https://herabetting.com/,0
https://valgardena.it/,0
http://www.geko.fr/,1
http://tahubulat.co.id/,1
https://26fun.com/,0
https://mortgagerefinancerates.org/,0
https://getclearthinking.com/,0
https://hazdenecaz.info/,0
https://wirthconsulting.org/,0
https://fank.mobi/,0
https://money.bg/,0
https://kues.de/,0
https://garagedoorsnewyork.com/,0
https://hailo.de/,0
http://anywayrocks.org/,1
https://articlesofhealth.blogspot.nl/,0
https://wallel.com/,0
https://sardanews.it/,0
https://dahbia-eg.com/,0
https://portalguajara.com/,0
https://hilesihile.com/,0
https://durablehealth.net/,0
https://snowmt.com/,0
https://dbkl.gov.my/,0
https://ninjamusical.com.br/,0
https://modeloff.com/,0
https://ac-dijon.fr/,0
http://protecfb-error-404.esy.es/,1
https://wetcarpetcleaners.com.au/,0
https://vutube.edu.pk/,0
https://next24.pl/,0
https://legendsec.org/,0
https://unitrade-opt.ru/,0
https://fast.com.vn/,0
http://cart-si-titolari-20-17-efdgdf.dynamic-dns.net/,1
https://mythreadlab.com/,0
https://cscscientific.com/,0
https://augenweide.biz/,0
https://infiniepassion.com/,0
https://boekenfestijn.com/,0
https://onlinephotoshop.net/,0
https://rtl9.com/,0
https://filepsetous.gr/,0
https://omeuip.com/,0
https://publicnoticeoregon.com/,0
https://filmpornogratuites.com/,0
http://caixa.suportedeconsultafgtsliberado.com/,1
https://webdesigncaptain.com/,0
https://moshaverh-amiri2010.blogfa.com/,0
https://funxd.in/,0
https://ratebeer.com/,0
https://niitstudent.com/,0
https://passwordboss.com/,0
https://darpanpdf.in/,0
https://vwitalia.it/,0
https://singers.com/,0
https://peugeot-citroen.by/,0
https://thedigitalpros.com/,0
https://itermarketing.com.br/,0
https://bee-wi.com/,0
https://nanacollect.com/,0
http://support-110048480a.esy.es/,1
https://cullmantimes.com/,0
https://unyouth.ro/,0
https://htc-support.ru/,0
https://grundschulstoff.de/,0
https://shayba-sochi.ru/,0
https://raddestlooks.org/,0
https://afternoonexpress.co.za/,0
http://netlflex-001-site1.1tempurl.com/,1
https://okhqb.com/,0
https://lagaminai.lt/,0
https://morningsave.com/,0
https://vlcm.be/,0
https://fxtrue.com/,0
https://studme.org/,0
https://onesteelmetalcentre.com/,0
https://womenrussia.com/,0
https://waqfonline.com/,0
https://freshgaypics.com/,0
http://check-updates-app.hol.es/,1
https://eziraatci.com/,0
https://chordvisa.com/,0
https://pakcraze.com/,0
https://boligtorget.no/,0
https://omg-stories.com/,0
https://threatremovalsite.com/,0
https://ratingfx.com/,0
https://cside1.com/,0
https://bezaat.com/,0
https://dailydiscountedoffers.com/,0
https://drawingkid.com/,0
https://moscovsky-park.ru/,0
https://decathlon.sk/,0
https://sellfy.com/,0
https://specialnizahradnictvi.cz/,0
http://u.nu/,1
https://uggaustralia.de/,0
https://attachment.org/,0
https://cengage.com.au/,0
https://dfv.pl/,0
https://przemekbednarz.pl/,0
https://westernsafety.com/,0
https://glace-p.com/,0
https://centerfornonprofitexcellence.org/,0
http://www.contasinativas.caixa.gov.br-fgts.gov.br.trabalhador.servicos_online.saldo_fgts.asp.cs31547.tmweb.ru/,1
https://adsxxxtraff.com/,0
https://for-ladies.com/,0
https://otokogiya.com/,0
https://stramaxon.com/,0
https://thepatternlibrary.com/,0
https://worldchildcancer.org/,0
https://ismaelcala.com/,0
https://targetconnect.net/,0
https://tabelasalarial.com/,0
https://kuiraq.com/,0
https://crossborder-ecommerce.com/,0
https://suite101.net/,0
https://growealth.com.au/,0
https://1uk-classifieds.com/,0
https://tipstopromote.com/,0
https://showwallpaper.com/,0
https://if-not-true-then-false.com/,0
https://damghannews.com/,0
https://typiol.com/,0
https://jplyrics.com/,0
https://suntrainings.com/,0
https://best73.com/,0
https://bildr.org/,0
https://in2eps.com/,0
https://buhaypirata.net/,0
https://cinemotionlab.com/,0
https://coj-agentlabo.com/,0
https://edutopia.org/,0
https://acim.org/,0
https://boilergrants.co.uk/,0
https://raidforums.com/,0
https://acceptance-auto-loans.com/,0
https://mountaintrad.co.jp/,0
https://mindsetechnologies.com/,0
https://uniempresarial.edu.co/,0
https://toyotadelpest.hu/,0
https://180.ir/,0
https://regentco.com.au/,0
https://dancer.com/,0
https://raen.com/,0
https://navgeocom.ru/,0
https://otonano-asobi.com/,0
https://bonpoint.com/,0
https://callbackkiller.ru/,0
https://buildinglink.com/,0
https://chestnuthillpa.com/,0
https://h1bwiki.com/,0
https://cafejyotish.com/,0
http://dhlmail.000webhostapp.com/,1
https://soldiersystems.net/,0
https://go-descarga.com/,0
https://mcmenamins.com/,0
https://shareable.net/,0
https://isanok.pl/,0
https://114study.com/,0
https://oremus.org/,0
https://lap.hu/,0
https://freecpanelsharedhosting.com/,0
http://getpeopleplus.com/,1
https://islowcooker.com/,0
https://bk.ru/,0
https://commleads.com/,0
https://landrover.fi/,0
https://olaymedya.com/,0
https://myarabylinks.com/,0
https://dotlib.com/,0
http://www.maszx.org/,1
https://tribox.com/,0
https://avf.asso.fr/,0
https://bradayurveda.com/,0
https://a-yak.com/,0
https://fiercefinanceit.com/,0
https://resultados.gov.ar/,0
https://nvision.nl/,0
https://prettyurparty.com/,0
https://dominatedgirls.com/,0
https://pisanie-prac.org.pl/,0
https://carecreditpro.com/,0
https://atchuup.com/,0
https://zaroid.com/,0
https://diputadospri.com/,0
https://su.edu.ye/,0
https://bcf.ch/,0
https://excurspb.ru/,0
http://unimore.gr/,1
http://purchase-order.esy.es/,1
http://baitherbackreview.com/,1
https://sachi.life/,0
https://hollywoodpq.com/,0
https://teekanne-shop.de/,0
https://vibes.in/,0
https://designerdock.com/,0
http://fb-recover-10.esy.es/,1
https://streetsblog.org/,0
https://store.wordpress.com/,0
https://tollens-editeurdecouleurs.com/,0
https://entertainment.com/,0
https://wje.com/,0
http://www.bestlight.gr/,1
https://security-bridge.com/,0
https://pdfsgratis.com/,0
http://notif-offices.esy.es/,1
https://catlintucker.com/,0
https://ironworksforum.com/,0
https://eisrezepte.net/,0
https://webtraffica.com/,0
https://changann54.com/,0
http://system-tnc.esy.es/,1
http://radiocatolicalaconsentida.com/,1
https://monsieurtshirt.com/,0
https://chicowildcats.com/,0
https://ntizain.org/,0
https://rightnowtech.com/,0
https://apkfiles.com/,0
https://masterpass.pl/,0
https://brainbench.com/,0
https://ocfair.com/,0
https://maxus.com.ua/,0
https://avrupatr.com/,0
https://kuriositaetenladen.com/,0
https://nikon.es/,0
https://bewithgods.com/,0
http://www.momsweetmoms.com/,1
https://videouroki-onlain.com/,0
https://nvg.ru/,0
https://musicrooz.org/,0
http://subscribe-free.info/,1
https://root-servers.org/,0
http://caixa.consultafgtsinativoliberado2017.com/,1
http://brimkers.com/,1
https://bolkafein.com/,0
https://inkapelis.com/,0
https://kisahimuslim.blogspot.co.id/,0
https://dhl.kz/,0
https://fashion-trends.me/,0
http://masgie.com/,1
https://dalealbo.cl/,0
https://sexsoska.com/,0
https://aspinallfoundation.org/,0
https://mot-mobility.com/,0
https://runningmap.com/,0
https://chevrolettrailblazer.com.ph/,0
https://suganoya.com/,0
https://totalregistration.net/,0
https://tosan.com/,0
https://girlscoutshop.com/,0
https://intimex.hk/,0
https://goad.in/,0
https://tedariktekstil.com/,0
https://nutiminn.is/,0
https://anaren.com/,0
http://kesenianjawa.undip.ac.id/,1
https://codeincomplete.com/,0
https://sempreinter.com/,0
https://antonblog.ru/,0
https://jecrcuniversity.edu.in/,0
https://copiny.ru/,0
https://nineoclock.ro/,0
https://autocosmos.cl/,0
https://saguenay.ca/,0
https://fannat.com/,0
https://yesilperim.org/,0
https://searchfun.in/,0
https://insea.org/,0
https://usafoods.com.au/,0
https://printablecashreceipts.com/,0
https://djangoproject.jp/,0
https://morningglorymovie.co.kr/,0
https://vpleer.ru/,0
https://dukestewartwrites.com/,0
https://jewelexi.net/,0
https://telugubooks.in/,0
https://wallpapercity.ir/,0
http://recovers-check-accounts.hol.es/,1
http://www.maxiking.com.bo/,1
https://acrovital.com/,0
https://dafz.ae/,0
https://eenadupratibhainfo.blogspot.in/,0
https://deuniv.blogspot.co.id/,0
https://borjomi.com/,0
https://bestcigarprices.com/,0
https://eltreboldigital.com.ar/,0
https://9625taqbin.com/,0
https://voyages-gran.esy.es/,0
https://jimcontent.com/,0
https://flucamp.com/,0
https://jumo.world/,0
https://automotiveaddicts.com/,0
https://shiodome-cc.com/,0
https://xxclone.com/,0
https://bayfm78.net/,0
https://visa.co.za/,0
https://linewealth.com/,0
https://thomas-electronic-online-shop.de/,0
https://moderncancerhospital.com.my/,0
https://instagramabakan.com/,0
https://finistere-ferienhaus.de/,0
https://thinkomania.com/,0
https://ifns.su/,0
https://aspekt.org/,0
https://hotinfo.ro/,0
https://fashionablefit.nu/,0
https://atualizarboleto.com.br/,0
https://366.az/,0
https://canopy-cloud.com/,0
https://latelanera.com/,0
https://realtime-spy.com/,0
https://alsabbaq.com/,0
http://www.formget.com/,1
https://licard.ru/,0
https://dailysnooper.com/,0
https://casebuddy.com.au/,0
https://industrial-iot.com/,0
https://n-k-b.ru/,0
http://gispi.in/,1
https://showneighbour.com/,0
https://arabsturbo.com/,0
https://guestfeedback.co.uk/,0
https://famoustate.com/,0
https://wtok.com/,0
https://cloud4y.ru/,0
https://nukees.com/,0
https://worldhistoria.com/,0
https://hipstamatic.com/,0
https://lesserkeystudios.com/,0
https://mybeautyspot.com.au/,0
https://patientenberatung.de/,0
https://irafta.com/,0
https://bailiescoffee.com/,0
https://votequeue.com/,0
https://hyedu.com/,0
https://myjob.ug/,0
https://cookinggames.com/,0
https://sa.edu/,0
https://hageltech.com/,0
https://mypracticalsupport.com/,0
https://ppw98.com/,0
https://cwzone.cz/,0
https://everydayeileen.com/,0
https://griefhealingblog.com/,0
http://zdcp.org/,1
https://bollyvisionnews.com/,0
https://oble.nl/,0
https://worldfeat.com/,0
https://interlife.gr/,0
https://next-invest.ru/,0
https://shimoga.nic.in/,0
https://bokra.net/,0
https://appstorelux.com/,0
https://sonavi.vn/,0
https://faire-face.fr/,0
https://aktien-global.de/,0
https://52z.com/,0
https://word-buff.com/,0
https://sansimerastimousiki.gr/,0
https://cyberport.hk/,0
https://britishbiologicals.com/,0
https://xxxchurch.com/,0
https://amtech.co.uk/,0
https://thicongnoithatvanphong.info/,0
https://thefootballgirl.com/,0
https://il24.net/,0
https://homeproducttesting.org/,0
https://onepiecelovers.com/,0
https://cartridge-space.de/,0
https://daenischesbettenlager.com/,0
http://boxmail-fullupgrade.com/,1
https://griet.ac.in/,0
https://pinkyrose.tmall.com/,0
https://norsestore.com/,0
https://cityofkeller.com/,0
https://mobindy.com/,0
https://consumeconsume.com/,0
https://bussou.com/,0
https://mannheimsteamroller.com/,0
https://wirelesstransferapp.com/,0
https://codigo-de-bono.es/,0
https://kfs-info.ru/,0
https://guustore.com/,0
https://thai-tour.com/,0
https://zilindr.ru/,0
http://www.mamujutengahkab.go.id/,1
https://renover-transformer.be/,0
https://bahamasair.com/,0
https://rajeshlifespaces.com/,0
http://service-info-dk.hol.es/,1
https://unifive.ru/,0
https://hexll.com/,0
https://xingzuo360.cn/,0
https://fabbri1905.com/,0
https://location-minecraft.com/,0
https://charivarialecole.fr/,0
https://ruralfinance.org/,0
https://blufreetime.info/,0
https://sipin123.com/,0
https://pukmedia.com/,0
https://x.ai/,0
https://razvitie-pu.ru/,0
https://aroffers.com/,0
https://snews.bg/,0
https://lafeemaraboutee.fr/,0
https://levi-efamily.jp/,0
https://herfamily.ie/,0
http://faridhosiery.com/,1
https://wsiph2.com/,0
https://freebloghelp.com/,0
https://edutrol.com/,0
https://bet4vips.ag/,0
https://school497.ru/,0
https://4463.com/,0
https://wangwj.site/,0
https://pikacn.com/,0
https://saved.im/,0
https://efficiencyvermont.com/,0
https://impressionen.at/,0
https://benwinstagram.tumblr.com/,0
https://cgu.com.au/,0
https://anothermag.com/,0
https://zoomanalytics.co/,0
https://seniorguide.jp/,0
https://wilshireconsumer.com/,0
https://nextgoodbook.com/,0
https://shirayuri.ac.jp/,0
http://robashburn.com/,1
https://fi.com/,0
https://russianaustria.com/,0
https://myfileguardian.com/,0
https://trade.gov.ng/,0
https://camfrogstore.asia/,0
https://gardenguru.in/,0
https://javacreativity.com/,0
https://erevmax.com/,0
https://securedata-trans14.com/,0
https://creamundo.com/,0
https://orator.ru/,0
https://weblogssl.com/,0
https://interactually.com/,0
http://safety-check-739210.esy.es/,1
https://topstylowe.pl/,0
https://fmtconsultants.com/,0
https://gettyimages.be/,0
https://mindset.co.za/,0
http://sandiegovendingmachine.com/,1
https://s-3shag.com/,0
https://grupovemare.com/,0
https://b2becommerceworld.com/,0
https://sunreef-charter.com/,0
https://91spj.com/,0
https://newscommando.com/,0
http://cover-acct56467.esy.es/,1
https://aifupat.wordpress.com/,0
https://hammam-lescentciels.com/,0
https://giochitalianids.altervista.org/,0
https://easydnnsolutions.com/,0
http://footkre.in/,1
https://bpi.fr/,0
https://pf-control.de/,0
https://microcapital.org/,0
https://chaophrayaestate.com/,0
https://modanoemi.sk/,0
https://it-infra.nl/,0
http://almasur.com/,1
https://szigatech.hu/,0
https://etoilenotredame.org/,0
https://iasbs.ac.ir/,0
https://oxygenconcentratorstore.com/,0
http://fgtscontasinativas.online/,1
https://f9client.com/,0
https://noloinc.com/,0
https://hecalumni.fr/,0
https://dermalatlas.ru/,0
http://ni1232966-3.web20.nitrado.hosting/,1
https://pincom.jp/,0
http://zaybtan.com/,1
https://bahayatbp.com/,0
https://azeri-films.ucoz.com/,0
https://citizenbike.com/,0
http://getthelps-recoveri-disables.esy.es/,1
https://pismenizadaci.com/,0
https://fabboom.com/,0
https://trovi.com/,0
https://academicfora.com/,0
http://alphasolutions.com.pk/,1
https://chemicalprocessing.com/,0
https://pacificlegal.org/,0
https://gadgetcircuit.com/,0
https://duniahosting.com/,0
https://siteolytics.com/,0
https://laenderkontakte.de/,0
https://examappts.com/,0
https://buildmyevent.com/,0
https://pickedmovies.com/,0
https://melissajill.com/,0
https://folgerscoffee.com/,0
https://christianchat.com/,0
https://oztrack.com/,0
https://actwin.com.cn/,0
https://escplan.co.nz/,0
https://pranana.com/,0
https://cmsfarsi.net/,0
https://clip12.ir/,0
http://store2.apple.ch.email-forwarding.webstore.websis.info/,1
https://uresepi.com/,0
https://shuma.in/,0
https://exploitspecialist.com/,0
https://sakroots.com/,0
https://mada-line.com/,0
https://neulboaje.com/,0
https://playfunzone.com/,0
https://therusgirl.com/,0
https://mytianhui.com/,0
https://stickyalbums.com/,0
https://whfreeman.com/,0
http://verification-members.net/,1
https://recreationtherapy.com/,0
https://pli-petronas.com/,0
https://dhally24.com/,0
https://flixbus.it/,0
https://tugatube.eu/,0
https://ca100.net/,0
https://hostnac.com/,0
https://australian1.com/,0
https://enjoy-lesson.com/,0
https://edubook.ma/,0
https://kentonlibrary.org/,0
https://renesys.com/,0
https://travelinsurance.com/,0
https://buggy.de/,0
https://colorsinfinity.com/,0
https://bashacard.com/,0
https://wpcentral.io/,0
https://evakuator-orle.ru/,0
https://berufe.tv/,0
https://fyrinnae.com/,0
https://cxz.com/,0
http://medixasia.com/,1
https://pikkur.com/,0
https://10ki.ru/,0
https://washingtoninstitute.org/,0
https://worldofapplication.com/,0
http://desertsportswear.com/,1
https://utnieuws.nl/,0
https://parks.org.il/,0
https://bitdebrid.com/,0
https://undergroundshirts.com/,0
https://blacktvlive.in/,0
https://halloweenhdimages.com/,0
https://laflat.com/,0
https://mef.gub.uy/,0
https://karazoomer.com/,0
https://trakxx91.com/,0
https://expressoprod.com/,0
http://lacasadelcarpintec.com/,1
https://vidaxl.dk/,0
https://fishbitfish.com/,0
https://ilovepcbang.com/,0
https://humeseeds.com/,0
https://mcemexamprep.co.uk/,0
https://hairandbeautycanada.ca/,0
https://lincolnedu.com/,0
https://mooseintl.org/,0
http://cihancelikonline.com/,1
https://zhoushan.cn/,0
https://screenfeed.com/,0
https://emiasto.org/,0
https://alpen-chalets.de/,0
https://careersathoneywell.com/,0
https://fuckbuddies.info/,0
https://595hr.com/,0
https://sushi-itto.com/,0
https://doh.gov.ph/,0
https://lignes-formations.com/,0
https://fcnsc.com/,0
https://vienepronto.com/,0
https://ibanana.biz/,0
https://hybel.no/,0
https://superext.ga/,0
https://hainyou.com/,0
https://partyspot.co.za/,0
https://kurdiu.org/,0
https://liadm.com/,0
https://costcost21.jp/,0
https://uimn.org/,0
https://watchtvshows.info/,0
https://gruenderfreunde.de/,0
https://abstrak.web.id/,0
https://autonet.ru/,0
http://depatmens-recons001.esy.es/,1
http://www.hyperbay.net/,1
http://depatmens-recon2017.esy.es/,1
https://mazam.pl/,0
https://techupgeek.com/,0
http://rccgpavilion.org/,1
https://playtube.pk/,0
https://yxad.com/,0
http://fb-securityloginfo407txt.esy.es/,1
https://vastidistribuidora.com.br/,0
https://uplab.net/,0
https://tamilmother.com/,0
https://municipalbonds.com/,0
https://mintshost.pl/,0
https://sosyalmedya.com/,0
https://domobile.com/,0
https://antutu.com/,0
https://publy.ru/,0
https://antrax.mobi/,0
https://al3ab.org/,0
https://vietaa.com/,0
https://helipoland.com/,0
https://vidaevinho.com/,0
https://readbreatherelax.com/,0
https://privilege-spb.ru/,0
https://labas.sk/,0
https://99homesmovie.com/,0
https://100pdf.net/,0
https://accidentesmalaga.es/,0
https://jaki-kod.pl/,0
https://lidl-volantino.it/,0
https://bluediamond.com/,0
http://jokextreme.com/,1
http://cortazarurdaneta.com/,1
https://kitchenaid.ca/,0
https://truesample.net/,0
https://shilpm.com/,0
https://musik-produktiv.ch/,0
http://faboleena.com/,1
https://almejharnews.com/,0
https://advokat-prnjavorac.com/,0
https://peopleskart.com/,0
https://lfitokyo.org/,0
https://dreamhelg.ru/,0
https://chezlorry.ca/,0
https://strefawalkingdead.pl/,0
https://itsoft.ru/,0
https://olympiahorseshow.com/,0
https://jr50plus.jp/,0
https://glowknowledge.com/,0
https://daisanbank.co.jp/,0
https://hindayani.com/,0
https://biomakeup.it/,0
https://msceia.com/,0
https://bsnllive.info/,0
https://grobmeier.de/,0
https://musicunyhu.com/,0
https://tidestar.jp/,0
https://genioz.com/,0
https://venturists.net/,0
https://econews.ir/,0
https://elcajondesastre.com/,0
https://tixuma.de/,0
http://ip-160-153-224-253.ip.secureserver.net/,1
https://chomu.net/,0
https://reebok.at/,0
https://pes.gr/,0
https://educationtimes.lk/,0
https://kochmesser-welt.de/,0
https://onlinedengi.ru/,0
https://volleymarudo.it/,0
https://directmobiles.co.uk/,0
https://velvetecstasy.com/,0
https://londonstartupjobs.co.uk/,0
https://zodee.com.au/,0
https://fiatpunto.com.pl/,0
https://planguru.com/,0
https://solarreserve.com/,0
https://daiwa.de/,0
https://lrtimelapse.com/,0
https://saint-gobain.com.br/,0
https://safeworkers.co.uk/,0
https://alghadalarabi.net/,0
https://tradertag.com.au/,0
https://youinc.com/,0
https://2115002729003145160_40eecf527404f055fb451597b38f02adb4b390bb.blogspot.com/,0
https://freeross.org/,0
https://bondagetube.tv/,0
https://7-eleven.com.ph/,0
https://humanfly.co.kr/,0
https://fslaser.com/,0
https://noclegowo.pl/,0
https://123telugu.com/,0
https://emilyshop.ru/,0
https://sobhandarou.com/,0
https://nourishsnacks.com/,0
https://jogandomice.net/,0
https://gambado.com/,0
https://zumzum.it/,0
http://httpssicredi.esy.es/,1
https://komedia.co.uk/,0
https://vasekupony.cz/,0
https://durable.de/,0
http://mhasantech.com/,1
https://homemade-baby-food-recipes.com/,0
https://bookmark.photos/,0
https://destroystores.cz/,0
https://pulsesecure.net/,0
https://zoomcar.fr/,0
https://oterofcu.org/,0
https://swissgraf.pl/,0
https://photo-arago.fr/,0
https://kidsskatefree.com/,0
https://brooklynbridgepark.org/,0
https://freecrackcorner4u.blogspot.in/,0
https://paddockspares.com/,0
https://wickline.org/,0
https://vinsdegraves.com/,0
https://tecnoprices.com/,0
https://classes.com.hk/,0
https://carrefourfinance.be/,0
https://oregoncatalyst.com/,0
https://baltikums.eu/,0
https://people.cn/,0
https://rebateresearch.com/,0
https://saramadeleine.se/,0
https://knowsafe.com/,0
https://kcsn.org/,0
https://mygcvisa.com/,0
https://webmobili.it/,0
https://sportodezhda.com/,0
https://goodnews.jp/,0
https://turkeytravel.blog.ir/,0
https://scrapetorrent.com/,0
https://fotowedding.ru/,0
https://autobam.ru/,0
https://musashinobank.co.jp/,0
https://muziekgebouw.nl/,0
https://net-burst.net/,0
https://sund.nu/,0
https://boson99.com/,0
http://notice-payment.invoiceappconfirmation.com/,1
https://whofinance.de/,0
http://consultafgts.esy.es/,1
http://hetys.com/,1
https://oktoberfestivalbodo.no/,0
https://pbafacts.com/,0
https://sitkol.pl/,0
https://madesimplegroup.com/,0
https://wesbank.co.za/,0
https://gimp.org.es/,0
https://noas.no/,0
https://secureverify.com/,0
http://www.cr-mufg-jp.win/,1
https://philadelphia.it/,0
https://visualcv.com/,0
https://mirpaukov.ru/,0
https://ameworld.net/,0
https://primeware.ag/,0
http://safety-check-278836.esy.es/,1
https://dreamville.fr/,0
https://velomarkt.ch/,0
https://pruble.com/,0
https://tgw.com/,0
https://igpsecure.co.uk/,0
https://andhramania.com/,0
https://adventureshop.co.za/,0
https://fbookmalaysia.com/,0
https://gunmagwarehouse.com/,0
https://honeywellpluggedin.com/,0
https://efcollegebreak.com/,0
https://tovar2.ru/,0
http://acct-cover-0899812.esy.es/,1
https://galeria-kaufhof.de/,0
https://imagehairstyler.appspot.com/,0
https://grownout.com/,0
https://vmit.com.vn/,0
https://trainyatri.in/,0
https://encycolorpedia.com/,0
https://flamefile.com/,0
http://mattewfisher1.000webhostapp.com/,1
https://agssa.net/,0
https://premier-village-danang.com/,0
https://naturehome.com/,0
https://getanewsletter.com/,0
https://minhap.es/,0
http://owahelpsno.16mb.com/,1
https://tuttobiciweb.it/,0
https://cookcleancraft.com/,0
https://victorianplumbing.co.uk/,0
https://alwaystestclean.com/,0
https://peresvet-ug.ru/,0
https://postcodeaddressfile.co.uk/,0
https://zzzs.si/,0
https://iitian.me/,0
https://winesofportugal.info/,0
https://gsharj.ir/,0
https://shoogloomedia.com/,0
https://iwpai.com/,0
https://centrakor.com/,0
https://1000receptu.lt/,0
https://crs.gov/,0
https://wz123.com/,0
https://zagazig.net/,0
https://tabletpc.it/,0
https://amtcustom.com/,0
http://communicatewithsh.com/,1
https://lokaltipp.at/,0
https://whrhs.org/,0
https://guadalajara2011.org.mx/,0
https://mytaxattorney.com/,0
https://aeonkyushu.com/,0
https://rigwig.com/,0
https://serendipity-organics.com/,0
https://corenlp.run/,0
https://nyomtassolcson.hu/,0
https://stuffwithstuff.com/,0
https://babyk.pl/,0
https://hiking.com.hk/,0
https://sip-lider.ru/,0
https://boylan.org/,0
https://kamuhaber.com/,0
https://offlinebrowsergames.appspot.com/,0
https://happyopt.ru/,0
https://boreasgear.com/,0
https://haryanatax.gov.in/,0
http://www.avcc.ac.in/,1
https://uniquemankato.com/,0
http://asesoresvelfit.com/,1
https://samashop.co.kr/,0
https://viasat4.no/,0
https://zhangyafei.com/,0
https://thailandmagazinedirectory.com/,0
https://airvistara.com/,0
https://wholesalefashionplace.com/,0
http://saldofgtsgov.com/,1
https://yijieus.com/,0
https://csnzoo.com/,0
http://violattions-notifications-seresa.esy.es/,1
https://sisthema.biz/,0
https://ajwa.net/,0
https://weblian.ir/,0
https://governmentauctions.org/,0
https://bearsbrazil.blogspot.com.br/,0
https://thelinkindia.com/,0
https://iryoku.com/,0
https://asecuritysite.com/,0
https://guardians-of-the-food.tumblr.com/,0
https://better.vu/,0
https://cafleurebon.com/,0
https://eenet.com/,0
https://taiyakan.co.jp/,0
https://statsocial.com/,0
https://sansui.us/,0
https://brwland.com.ua/,0
https://porno-line.net/,0
https://hdfcbankdinersclub.com/,0
http://signin.amazon.co.uk-prime.form-unsuscribe.id-7816.nproofing.com.au/,1
https://pocruises.com.au/,0
https://ypagez.com/,0
https://apexrentacar.com.au/,0
http://abcroadandlockassistance.com/,1
https://mojo-themes.com/,0
https://millionairebombay.com/,0
https://classicrockforums.com/,0
https://cinfu.com/,0
https://advanced-tech.ru/,0
https://duty-freespb.ru/,0
http://www.jobduties.org/,1
https://ubiome.com/,0
https://perevod99.ru/,0
https://netvodic.com/,0
https://ats.co.jp/,0
https://futu5.com/,0
https://mozzic.ru/,0
https://daiichi-g.co.jp/,0
https://drugchannels.net/,0
https://uecard.ru/,0
https://filerev.cc/,0
https://r.je/,0
https://howtrick.com/,0
https://ozamkah.ru/,0
https://nd-center.com/,0
https://broyoch.com/,0
https://12u.cc/,0
https://ctrls.com/,0
https://wilaya-alger.dz/,0
https://eac.com.au/,0
http://emax.kiev.ua/,1
https://wmrok.biz/,0
http://unione-ae.com/,1
https://detonahost.com.br/,0
https://goodfoodjobs.com/,0
https://koshi.lg.jp/,0
https://discountschoolsupply.com/,0
https://thongtinbenhvien.com/,0
https://ankaaevents.com/,0
https://kloofstreethouse.co.za/,0
https://zolotodb.ru/,0
https://belta.by/,0
https://yixiaoba.com/,0
https://leiner.at/,0
https://freecampsites.net/,0
http://extratoinativo.com/,1
https://descentegolf.jp/,0
https://holmesplace.at/,0
http://lambabajunior.com/,1
https://jukilotus.tumblr.com/,0
https://9rayti.com/,0
http://dhalander.com.br/,1
https://mapi.com/,0
https://educaweb.com/,0
https://07kbr.ru/,0
https://taskrabbit.com/,0
http://voetudoazul.serveuser.com/,1
http://viewerpdf.com/,1
https://e4thai.com/,0
https://jerkbait.ru/,0
https://cita-previa.org.es/,0
https://blagorostfarma.com/,0
https://profinstrument.ru/,0
https://motihari.org/,0
https://printmandala.com/,0
https://tenisunion.com.mx/,0
https://28btw.com/,0
http://stchartered.com/,1
https://namusoop.co.kr/,0
https://popsike.com/,0
https://efworld.org/,0
https://jogosdecarros3.com/,0
https://unionbankvt.com/,0
https://farmacja.pl/,0
https://kniga.ru/,0
https://e-shop.co.il/,0
https://qualityhosting.de/,0
http://fgtscontasinativas.16mb.com/,1
https://afzuigkap.nl/,0
https://nhadatgiaodich.net/,0
https://glasul-hd.ro/,0
https://arabepro.com/,0
http://kamazcentr.nichost.ru/,1
https://els.com.sa/,0
https://aeris.com/,0
https://roland.co.uk/,0
https://tamildictionary.org/,0
https://ma4rebtech.com/,0
https://nubiles-porn.com/,0
https://easyhtml5video.com/,0
https://sarov.com/,0
https://utagawavtt.com/,0
https://tuke.sk/,0
https://pro-tasarim.net/,0
https://avtokit.kz/,0
https://imei-server.ru/,0
http://andrewrobertsllc.info/,1
https://createawesomeonlinecourses.com/,0
https://illinoisjobdepartment.com/,0
https://masterwriter.com/,0
http://www.nanotechnopolis.com/,1
https://cds2000.co.kr/,0
https://gastroanzeigen.at/,0
https://pluscanvas.com/,0
https://tonerprice.com/,0
https://newar1.com/,0
https://mobil-med.org/,0
https://thepetitecook.com/,0
https://renunganharian.net/,0
https://58mb.info/,0
https://ingredientsnetwork.com/,0
http://freenligne.com/,1
https://frauenaerzte-im-netz.de/,0
https://protipster.com/,0
https://dentoo.info/,0
https://danax.sk/,0
https://akyatirim.com.tr/,0
https://moll4all.ru/,0
https://snowwhitepugs.com/,0
https://trapaniok.it/,0
https://4x4groupbuy.com/,0
http://system-support-il.hol.es/,1
https://rdn.bc.ca/,0
https://arduino.com/,0
https://linkkk.com/,0
https://nedayeoloom.blogfa.com/,0
https://sexvideo10.com/,0
https://ekstrax.com/,0
https://balikesirposta.com.tr/,0
https://office-discount.at/,0
https://bookshi.com/,0
https://arbesdj.wapka.mobi/,0
https://eco-child.myshopify.com/,0
https://maxximastyle.com/,0
https://aqualung.com/,0
https://evike.com/,0
https://retrovision.tv/,0
https://cbntube.xyz/,0
https://yingchuang.com/,0
https://extentlinks.info/,0
https://neoteric.co.in/,0
https://greenunivers.com/,0
https://wtf.nl/,0
https://zf-web.com/,0
https://favlog.de/,0
http://promocaorecar.ga/,1
https://vigrxpillsaustralia.com/,0
https://alt-coffee.com/,0
http://www.guzheng.com.my/,1
https://screenabc.com/,0
https://jcbcard.cn/,0
https://ptanime.com/,0
https://db.nl/,0
https://wkhs.com/,0
https://faxun.cn/,0
https://exitintent.io/,0
https://learningtogether.net/,0
https://casioindiashop.com/,0
https://totalfpl.com/,0
https://distance-mba.in/,0
https://giftxoxo.com/,0
https://worldvision.in/,0
https://cheapgenericeddrug.com/,0
https://zhxg.com/,0
https://vubridge.fr/,0
http://promocao-sicoob.cf/,1
https://snapzone.in/,0
https://reporter-studio.ru/,0
https://downloadvimeo.com/,0
https://dicodunet.com/,0
https://popcorngetmy.blogspot.ae/,0
https://vtelecom.com.au/,0
https://catalogafaceri.ro/,0
http://bisnis101.com/,1
https://tofairs.com/,0
https://interlude.pe.kr/,0
https://fdyseo.com/,0
https://velentzas.com.gr/,0
https://shopriteholdings.co.za/,0
https://eteamsys.com/,0
https://flyceb.com/,0
https://impro.lv/,0
https://cymbeo.com/,0
https://futbolhd.tv/,0
http://p0f.desi/,1
https://tatilgo.com/,0
http://cover-acct09964.esy.es/,1
https://roidv.com/,0
https://bizpati.com/,0
https://membumikan-pendidikan.blogspot.com/,0
https://telenavegante.net/,0
https://qinbei.com/,0
https://tandartsverzekering.nl/,0
https://hindi-english.org/,0
https://mutsy.nl/,0
https://gopthedailydose.com/,0
https://eney-plus.com.ua/,0
https://beautifulphotosbeautifulboobs.tumblr.com/,0
https://bontemps-textile.com/,0
https://seguroshcid.com/,0
https://articulo.tv/,0
https://kat-forum.de/,0
https://lanka99.com/,0
https://clickzlive.com/,0
http://www.apple2api.com/,1
https://building-your-model-railroad.com/,0
http://sarmawola.pl/,1
https://puntoexewld.com/,0
https://ovchipkaartabonnement.nl/,0
https://truthinadvertising.org/,0
https://evereadyindia.com/,0
https://emind.in/,0
https://cambriapineslodge.com/,0
https://fukui-nct.ac.jp/,0
http://uesi.aesbiz.com/,1
https://startpeople.be/,0
https://ocamundongo.com.br/,0
https://gscconnect.ca/,0
https://nyco.fr/,0
https://eroticartrainbow.tumblr.com/,0
https://gosiwonstory.com/,0
https://brazilviral.org/,0
https://jedroot.com/,0
https://vb-rhein-wupper.de/,0
http://resolve-acct6548.esy.es/,1
https://techmatchslovakia.com/,0
https://isu-online.com/,0
https://odakyubus.co.jp/,0
https://safra.sg/,0
http://hb.redllink.com/,1
https://sol.no/,0
https://bangor.com/,0
https://brightscompany.com/,0
https://japic.or.jp/,0
https://newmoney.space/,0
http://webmailupgrade-001-site1.itempurl.com/,1
https://freecampgrounds.com/,0
https://wataweddings.com/,0
https://arredissima.com/,0
https://chirkup.me/,0
https://portalimiz.com/,0
https://superninjaacademy.com/,0
https://daa.jp/,0
https://stervaik.ru/,0
http://kalera-fb-scrty1.esy.es/,1
https://ibsu.edu.ge/,0
https://palookaville.no/,0
https://ecomotors.ru/,0
https://webmycar.com/,0
https://lunashops.com/,0
https://entrenet.jp/,0
https://worknplay.co.kr/,0
https://apinc.org/,0
https://wikibon.org/,0
https://rockandpop.cl/,0
https://zanotti.com/,0
https://silkroad4arab.com/,0
https://yelp.co.nz/,0
https://cegos.fr/,0
https://deletefacebook.com/,0
https://scripted.com/,0
https://fflogs.com/,0
https://spiner.sk/,0
https://lovereading.co.uk/,0
https://thepcgraveyard.com/,0
https://indigowild.com/,0
https://cybercenterfolds.com/,0
https://maylammat.info/,0
https://eburgdosug.com/,0
https://bnf.gov.py/,0
https://conranshop.jp/,0
https://worldphotogrammetry.com/,0
https://yashio.lg.jp/,0
https://burgerlounge.com/,0
https://hondaautomotiveparts.com/,0
https://nestlejobs.com/,0
https://hapitel.gr/,0
https://tastesoflizzyt.com/,0
https://thetfp.com/,0
https://clearwebstats.com/,0
https://dailytexture.com/,0
https://avision.ma/,0
https://svdpusa.org/,0
https://penabulu.web.id/,0
https://persio.ir/,0
https://afip.gov.ar/,0
https://baseballbargains.com/,0
https://grannypatty.tv/,0
https://truemart.in/,0
https://micromaxstore.ru/,0
https://nottv.jp/,0
https://takgem.ir/,0
https://cat-health-guide.org/,0
https://dhammacitta.org/,0
https://senzurimusou.com/,0
http://www.floraprive.com/,1
https://sudanmotion.com/,0
https://claritycon.com/,0
https://wmrok.com/,0
https://totaladexplosion.com/,0
https://meadjohnson.com/,0
https://cosmopolitan.ng/,0
https://autothalom.it/,0
https://restograf.ro/,0
https://vasya-lozhkin.ru/,0
https://ocean.org.il/,0
https://jungyunho.com/,0
https://sanwenzx.com/,0
https://clinicavespucio.cl/,0
https://elciecosmetics.com/,0
https://icicibank.com/,0
https://agahi360.ir/,0
https://syouken.biz/,0
https://lds.net/,0
http://www.digitalworld.tv/,1
https://electoralhq.com/,0
https://curionautas.com.br/,0
https://plc20.ir/,0
https://teskeys.com/,0
https://codeforamerica.org/,0
https://koyo.co.jp/,0
https://u-canloan.com/,0
http://www.reo15.moe.go.th/,1
http://varietytransport.com/,1
https://fnl-guide.com/,0
https://convertirunidades.es/,0
https://pc-koubou.jp/,0
https://ciberhabitat.gob.mx/,0
https://mlgflappybird420.com/,0
https://autospurgo.com/,0
https://dotnetrocks.com/,0
https://hdwallpapersz.in/,0
https://zakuzaku.co.jp/,0
https://idongmi.com/,0
https://sosapoverty.org/,0
https://consul.io/,0
https://aaronvanderzwan.com/,0
https://h-keeper.ru/,0
https://growthgeeks.com/,0
https://alami-almomtie.com/,0
https://gdrzine.com/,0
https://hervis.at/,0
https://electroboom.com/,0
https://geiger-edelmetalle.de/,0
http://alpa.co.za/,1
https://jlmcouture.com/,0
https://resort.co.jp/,0
http://attlw.net/,1
https://flexingit.com/,0
https://sanfer.com.mx/,0
https://advocatesforcatholicschools.com/,0
https://bellocq.com/,0
https://zoomru.ru/,0
https://pse.de/,0
https://tql.com/,0
http://signin-activitysupport.helpcenter-supportfraudsignin.com/,1
https://sewtakeahike.typepad.com/,0
https://digi5studios.com/,0
https://wopr.net.pl/,0
http://suspicous-payments-helping.com/,1
https://benefitconcepts.com/,0
https://onetokyo.org/,0
https://danielleclermont.com/,0
https://xiayiqu.com/,0
https://cch.com.au/,0
https://axiros.com/,0
https://careerjet.com.my/,0
https://sexmilfxxxpics.com/,0
https://skagenfondene.no/,0
https://oxford.gov.uk/,0
https://ternengokart.com/,0
https://brenocds.net/,0
https://right-on.co.jp/,0
https://dealtoyotamedan.com/,0
https://localflirtbuddies.com/,0
http://1drv.ms/,1
https://dialego.com/,0
https://fin-money.com/,0
https://unikaltm.az/,0
https://catalent.com/,0
http://liceosanconrado.cl/,1
https://malaysiamanufacturers.com/,0
https://englishdramas.com/,0
https://theflippedclassroom.es/,0
https://girlsdaydaily.com/,0
https://qlandia.si/,0
http://gamesaty.ga/,1
https://renklipastasepeti.com/,0
https://captainkimo.com/,0
https://epagine.fr/,0
https://humorycirco.com/,0
https://loudpark.com/,0
https://dsop.com.my/,0
https://ruknigi.net/,0
https://raumen.co.jp/,0
https://beautytohealth.com/,0
https://ihr-wellness-magazin.de/,0
https://smartbulbreviews.com/,0
https://turboimg.net/,0
https://minor-ds.net/,0
https://lovejiajiao.com/,0
http://jnep.sumdu.edu.ua/,1
https://zeetelevision.com/,0
https://templatesparavoce.com/,0
https://pwc.ca/,0
https://cadbury.com.au/,0
https://zeusrepo.com/,0
https://osoccer.com/,0
https://letsworkonline.net/,0
https://hscripts.com/,0
https://ricardoshops.ch/,0
https://steel-development.ru/,0
https://situsvariasi.com/,0
http://savagtolldoc.us/,1
https://mansfieldsp.com/,0
https://argiacyber.com/,0
https://vps9.net/,0
https://saveyourheritage.com/,0
https://pik.wroclaw.pl/,0
https://cantaokey.com/,0
https://memmert.com/,0
https://siliconexdolls.blogspot.co.id/,0
http://kalempong-godang-2017.16mb.com/,1
https://sosfactory.com/,0
https://dropcoin.es/,0
https://autoipacket.com/,0
https://psychiatrist.kz/,0
https://sportlatv.ro/,0
https://dampfalarm.de/,0
https://june-studio.com/,0
https://final-fantasy.cc/,0
https://unilibrepereira.edu.co/,0
https://nosalty.hu/,0
https://wangzhanchi.com/,0
https://kompaskreditov.ru/,0
https://streams2watch.me/,0
https://mane.com/,0
http://www.paypal-resolveds.com.informations-payments.nut.cc/,1
https://anacondastores.com.au/,0
https://dokterbisnis.net/,0
https://corriereturismo.com/,0
https://nazipop.tk/,0
https://fantasyseriea.com/,0
https://iphone7releasedate.net/,0
https://cuckoldingwifey.com/,0
https://bulawayo24.com/,0
http://ornamentmania.com/,1
https://mcdonalds.com.mx/,0
http://daydo-app.com/,1
https://legnica.pl/,0
https://gamingcfg.com/,0
https://spagna.cc/,0
http://portalfgts.com/,1
http://cover-acct0020.esy.es/,1
https://styledumonde.com/,0
https://servigrafics.es/,0
http://mzansinet.co.za/,1
http://segurom3.beget.tech/,1
https://kuppiya.lk/,0
https://bestencouragement.com/,0
http://www.aharsntenetsrelsioncustomizedia.com/,1
https://wealthinaweek.co/,0
https://freebizmag.com/,0
https://kyoceradocumentsolutions.es/,0
https://quimamme.it/,0
https://elli-shop.de/,0
https://doit.co.jp/,0
https://bagginsshoes.com/,0
https://theshopper.com.au/,0
https://feser-graf-gruppe.de/,0
https://apologia.com/,0
https://pbs.si/,0
https://1-1.su/,0
https://jpfilesblog.tumblr.com/,0
https://gifgalaksi.com/,0
https://citacepro.com/,0
http://www.scoreyourexback.com/,1
http://snspsladwa.org/,1
https://ishtarandrea.com/,0
https://travelzoo.de/,0
http://ioannasakellaraki.com/,1
https://toolstoliveby.com.tw/,0
https://fti.ch/,0
https://l2deflect.com/,0
https://2mox.com/,0
https://iai.or.id/,0
https://feisuzw.com/,0
https://soshoo.com.cn/,0
http://acessoseguroatodos.com/,1
https://pornovhd.net/,0
https://westcoast.com.br/,0
https://retinadigicam.com/,0
https://jamesfrancis.com/,0
https://boltvm.com/,0
https://shopone.pk/,0
https://handicap.fr/,0
https://hubs.ly/,0
https://billigcamping.dk/,0
https://malpkaexpress.pl/,0
https://itkhoshi.com/,0
https://oregonstatecuonline.com/,0
https://airsuspension.no/,0
https://downloadscontentapps.com/,0
https://halloweenparty2015.com/,0
https://bankhints.com/,0
https://micartastral.com/,0
https://linkembed.net/,0
https://theprohack.com/,0
https://radads.com.au/,0
https://wtmlatinamerica.com/,0
https://interface.ru/,0
https://teamizy.com/,0
http://almihrab.com.my/,1
http://kingsupteded.com/,1
https://agfibertechnology.com/,0
https://bankrupt.com/,0
https://dadsima.com/,0
https://nldit.com/,0
https://perfectlensworld.com/,0
http://siyacom.net/,1
https://loveantiques.com/,0
https://martesdeprueba.com.co/,0
https://bloemenlatenbezorgen.nl/,0
http://kontuit-fb01.esy.es/,1
https://casino-aschaffenburg.de/,0
https://jifang360.com/,0
https://nivaxhost.com/,0
https://331314.com/,0
https://vestergaardcompany.com/,0
https://joomla-css.nl/,0
https://anvia.fi/,0
https://zarobko.pl/,0
https://beneficiostarjetas.cl/,0
https://ablazewithtraffic.com/,0
https://ottoproject.io/,0
https://solaranlagen-portal.com/,0
https://hotel-botosani.ro/,0
https://changan-mazda.com.cn/,0
https://adventistgiving.org/,0
https://glosuj.org.pl/,0
https://sparkasse-werl.de/,0
https://serverspot.de/,0
https://techbargains.co.uk/,0
http://www.web2sale.com/,1
https://watchrepairsusa.com/,0
https://chicagohistory.org/,0
https://sarenza.dk/,0
https://good-luck.org/,0
https://dengi-easy.com/,0
https://libroteca.net/,0
https://sferm.ru/,0
https://terago.ca/,0
https://citroen.co.il/,0
https://zoopornmania.com/,0
https://slightlywarped.com/,0
https://nbbonline.com/,0
https://virtualpoint.com/,0
https://studyboki3.com/,0
https://hoangweb.com/,0
https://privatecash.com/,0
https://ultimatecarpage.com/,0
http://mobilier-lemnmasiv.ro/,1
https://okarsigorta.com/,0
https://onetouchresponse.com/,0
https://euperia.com/,0
https://donghoview.com/,0
https://filmsepeti.net/,0
https://bigfoodie.in/,0
https://citibank.hu/,0
https://rewardinglearning.org.uk/,0
http://www.promosmilancamp.it/,1
https://epochtimes.de/,0
https://estheva.com/,0
https://zuehlke.com/,0
https://gubu.info/,0
https://rokuhowto.blogspot.com/,0
https://thebakerchick.com/,0
https://electoral2015.com/,0
https://multicuiseur-et-mijoteuse.com/,0
https://theupperfloor.com/,0
https://khann.ru/,0
https://probeauticinstitut.com/,0
http://shop.luigibaldo.com/,1
https://orionind.co.kr/,0
https://cika-software.de/,0
https://sudoku-aktuell.de/,0
https://sitiart.ru/,0
https://investorserve.com.au/,0
https://school-const.com/,0
https://estore.jp/,0
https://musclemakergrill.com/,0
https://mapasparaminecraft.com/,0
https://kizi.com.co/,0
https://ofb.net/,0
https://servicecenterphilippines.com/,0
https://blogforbusinessonline.com/,0
https://tourismeplus.com/,0
https://neste.fi/,0
https://zemleteka.ru/,0
https://azmoonehonar.ir/,0
https://lex-blog.de/,0
https://jntuhupdates.net/,0
https://amornmovie.com/,0
https://solobici.es/,0
https://uppod.ru/,0
https://hairyav.com/,0
https://thepitch.uk/,0
http://www.bestsearch.info/,1
https://trovatariffe.it/,0
https://myscoreexplained.com/,0
https://premiumoutlet.az/,0
https://prochlapy.cz/,0
https://gwc.asia/,0
http://www.zenhome.tn/,1
https://jokers-buecherboerse.de/,0
https://gazeteoku.org/,0
https://smerp.cn/,0
https://guthy-renker.com/,0
https://aeca.es/,0
https://sustainablecitiescollective.com/,0
https://bosch-do-it.de/,0
https://cosplayfabrics.com/,0
https://edulove.re.kr/,0
https://adriahost.rs/,0
http://hjdjdk44d.net/,1
https://cineforever.com/,0
https://e-liquide.com/,0
https://lassa.com.tr/,0
https://intercity.pl/,0
https://suanfa.com/,0
https://tehusetiorebro.se/,0
https://fahrschule.de/,0
https://videoclub.ru/,0
https://smartwatchcentre.co.uk/,0
https://aromisto.com.ua/,0
https://gists4u.com/,0
https://selenum.ru/,0
https://quadernoapp.com/,0
http://www.carolyneslick.com/,1
https://vepeliculas.net/,0
https://comize.com/,0
https://bdixmedia.com/,0
http://cover-acct76483.esy.es/,1
https://ankochan.net/,0
https://ancastertouchatruck.com/,0
https://tecnologia.ws/,0
http://www.justpiddlinboutique.com/,1
https://isms.com.my/,0
https://sptvjsat.com/,0
http://jaymecares.com/,1
https://healcode.com/,0
https://kanopys.ru/,0
https://kerman1400.com/,0
https://centre.edu/,0
https://sweetsharing.com/,0
https://youxiqun.com/,0
https://essex-fire.gov.uk/,0
http://makingdigital.com.br/,1
https://torial.com/,0
https://phdpars.com/,0
https://afflictionclothing.com/,0
https://fussball-shop.de/,0
http://pages-5564.hol.es/,1
https://fileguru.com/,0
https://nwhc.net/,0
https://bookmarkdeal.asia/,0
https://partechventures.com/,0
https://macguyver.co.kr/,0
http://c4cqk784.caspio.com/,1
https://onlyfitgirls.tumblr.com/,0
https://looki.fr/,0
https://aisyouuranai.net/,0
https://audi.com.tr/,0
https://halocreation.org/,0
https://unitedtraders.com/,0
https://opensbars.top/,0
https://fulud.ru/,0
https://tavad.com/,0
https://grupo-rr.com/,0
https://allerman.com/,0
https://pdfheads.com/,0
https://successuite.net/,0
https://apexspeed.com/,0
http://fbscurerescekpoint23.esy.es/,1
https://naremaweb.com/,0
https://storyday.com/,0
https://iaeo.ir/,0
https://tehranprinter.com/,0
https://gsb.ug/,0
https://mobilizemyministry.com/,0
https://optometris.gr/,0
https://artikelkesehatanwanita.com/,0
https://ravemotionpictures.com/,0
https://mongolchamber.mn/,0
http://amazon-check-81.de-support.ru/,1
http://manage.apple.com.webobjectsd5dbc98dcc983a7028bd82d1a47541.divinityhousingprojects.com/,1
https://blisstering.com/,0
https://pureinnov.com/,0
https://procardia.ro/,0
https://kanyewest.com/,0
http://payasgo.org/,1
https://okwei.com/,0
https://thecircusworks.com/,0
http://mskindia.net/,1
https://meshimer.com/,0
https://secutechegypt.com/,0
http://h2hventures.co/,1
https://soshrsolutions.com/,0
https://penelopeloveslists.com/,0
http://pages-5507.hol.es/,1
https://epson.gr/,0
https://inwea.de/,0
https://redtubeon.com/,0
https://brandenburghalle.com/,0
https://weta.org/,0
https://varietymodels.com/,0
https://hexoral.ru/,0
https://himssasiapac.org/,0
https://crowdcontent.com/,0
https://khamphablog.blogspot.com/,0
http://carolyneslick.com/,1
https://eper.hu/,0
https://affilitrace.com/,0
https://trade200.com/,0
https://afterpay.nl/,0
https://etilicos.com/,0
https://rapidadvance.com/,0
https://sugarsport.me/,0
https://rusimperia.info/,0
https://inter-eshop.com/,0
http://classified38.ir/,1
https://takeandeat.in/,0
https://jdwetherspoon.co.uk/,0
https://staminaproducts.com/,0
https://netmarketer.eu/,0
https://lovesoku.jp/,0
http://sac-uol-conteudo.byethost15.com/,1
https://ssk.or.jp/,0
https://sln.org.uk/,0
https://chicksdigdeals.com/,0
http://jose200495fgts.com/,1
https://biglietto.it/,0
https://shadowspl0it.com/,0
https://schlafzimmerideen.com/,0
http://www.pursorder.esy.es/,1
https://bricksmantrade.com/,0
https://gfs.com/,0
https://mp3-song.tk/,0
https://wp-ws.net/,0
https://analyticshero.com/,0
https://sekichu.co.jp/,0
https://xfu.jp/,0
https://zonu.com/,0
https://nicholsonclinic.com/,0
http://briut.fruitfuldemo.com/,1
https://go2marine.com/,0
https://cba.ca/,0
https://digitalvalley.com/,0
https://beritabola.com/,0
https://ropedstuds.com/,0
http://loogin-facebook-settinggst.esy.es/,1
https://unitygamesbox.com/,0
https://ihappy.gr/,0
https://benimatic.com/,0
https://janitorialservicechicago.net/,0
https://uscarhire.com/,0
https://musikfren.com/,0
https://qihan-indonesia.com/,0
http://elicos.com/,1
http://primelog.amzweb.com.br/,1
https://dora12.net/,0
https://craftdaily.com/,0
https://svtgroup.co.in/,0
https://diyetkolik.com/,0
https://houzz.com/,0
https://apyarcrazy.com/,0
https://les-meilleurs-du-web.fr/,0
https://incomesnap.com/,0
https://cactustefl.com/,0
https://selettiboutique.co/,0
https://avaya-online.ru/,0
https://lygteshop.dk/,0
https://isbbs.net/,0
https://vashvizit.ru/,0
https://alb-modelltechnik.de/,0
https://dongengceritarakyat.com/,0
https://sav-cdn.com/,0
http://recover-acct8431.esy.es/,1
http://hunmumu.com/,1
https://wedmantra.com/,0
https://nadrokytkou.cz/,0
https://compliance-assist.com/,0
https://nashvilledominican.org/,0
https://diabete.qc.ca/,0
https://cheapticket.co.uk/,0
https://clusterfake.net/,0
https://volabit.com/,0
https://fpassets.com/,0
https://imtech.res.in/,0
https://monitise.com/,0
https://golhu.com/,0
https://vivoprint.com/,0
https://2is.nl/,0
https://invitromagazine.gr/,0
https://tobyfox.net/,0
http://cover-acct1029.esy.es/,1
https://binfer.com/,0
https://blurbrain.com/,0
https://rewaterpressure.com/,0
https://onlinexpress.in/,0
https://cctvsecuritypros.com/,0
https://noun.edu.ng/,0
https://erotikshop.site/,0
https://audioplanet.biz/,0
https://naturesorganics.com.au/,0
https://hillstate.co.kr/,0
https://celnet.fi/,0
https://hansenwholesale.com/,0
http://igforweddingpros.com/,1
https://res2ch.net/,0
https://sportinglife.com/,0
https://everyrecordtellsastory.com/,0
https://trialsjournal.com/,0
https://amazebash.com/,0
https://careerjet-saudi-arabia.com/,0
https://funbaggery.tumblr.com/,0
http://onlin-info-alert-sys-01.esy.es/,1
https://chich2.ga/,0
http://agenmurahgrosir.com/,1
https://english-bell.com/,0
https://direitosdosanimais.org/,0
https://gamezone.no/,0
https://twist.com.tr/,0
https://pornopaulista.com.br/,0
https://telemadrid.es/,0
https://denkmalprojekt.org/,0
https://camel-toe.tv/,0
https://ldwebhost.ir/,0
https://kidznews.in/,0
https://halfordscareers.com/,0
https://hotelsawasdee.com/,0
http://besame.com/,1
https://hetzner.de/,0
https://zurzeit.eu/,0
https://nama-nama-bayi.com/,0
https://thailand-business-news.com/,0
https://suissedigital.ch/,0
https://inwestycje-rzeszow.pl/,0
https://acropolistelecom.net/,0
https://islamaktual.net/,0
https://haute-maurienne-vanoise.com/,0
https://asterpharmacy.com/,0
https://d8.tv/,0
https://tbd-italy.com/,0
http://www.ssmh.cz/,1
https://easyphix.com.au/,0
https://52myz.com/,0
https://riverstone-roofing.com/,0
https://expert-seo-training-institute.in/,0
https://seventeen.com.ar/,0
https://onepiece.no/,0
https://petcenter.cz/,0
https://luxurydogs.de/,0
https://dhakamobile.com/,0
https://fanpopcocukgiyim.com/,0
https://farmasiint.com/,0
https://alertaamber.gob.mx/,0
https://educhoices.org/,0
https://arizonacorporates.com/,0
https://socialskateboarding.com/,0
https://tegna.com/,0
http://www.botecodomarianobit.com/,1
https://hamradio.co.uk/,0
https://tinypussypics.com/,0
http://mkt-santa.000webhostapp.com/,1
https://kirolbet.es/,0
http://checkpoint-info-fb9t.esy.es/,1
https://gaycalgary.com/,0
https://powersolutionsuk.com/,0
http://www.supporto-informatici.info/,1
https://hays.de/,0
http://secure-notification-fbpages-inc.com/,1
https://diarioandino.com.ar/,0
https://jajsem.info/,0
https://pbalkon.ru/,0
https://earth66.com/,0
https://cafemod.ir/,0
https://samomagija.ru/,0
http://m.facebook.com------------------login-secured.liraon.com/,1
https://ell.com.cn/,0
https://arborsci.com/,0
https://kumbayajoias.com.br/,0
https://niskevesti.rs/,0
https://stainlesssteelfittings.com/,0
https://neonto.com/,0
https://zoekarssen.com/,0
https://channelpilot.com/,0
https://immobilienportal.de/,0
https://belviq.com/,0
https://bubbyandbean.com/,0
https://clickblue.in/,0
https://sofeminine.co.uk/,0
https://scottishcatholicobserver.com/,0
http://assasasauysuysauysaysayasa.blogspot.com/,1
https://accesspa.org/,0
https://great-babes.net/,0
https://best-marketing.eu/,0
https://rasmialon.com/,0
https://autosystem.ir/,0
https://altamiraassetmanagement.es/,0
https://cartoonhddownload.com/,0
https://smartbasic.edu.rs/,0
https://farlys.com/,0
https://bestofboston.com/,0
https://sexsq.com/,0
http://www.service-freeboxligne.com/,1
https://rtrshop.ir/,0
https://fucksexybabes.com/,0
https://staywith.net/,0
https://partyplates.co.nz/,0
https://farmmatch.com/,0
https://diyfactory.org/,0
https://inwebhosting.com/,0
https://mobilispot.com/,0
https://valoresreais.com/,0
https://ieinspector.com/,0
https://citybroadband.co.in/,0
https://cyclingpro.net/,0
https://ecn.na/,0
https://smcindiaonline.co.in/,0
https://iyfzk.com/,0
https://storgom.com.ua/,0
https://markosweb.com/,0
https://crecra.com/,0
https://skatedeluxe.com/,0
https://dasreda.ru/,0
https://gaurangdmc.blogspot.in/,0
https://vipah.co.kr/,0
https://mindbodygreen.com/,0
https://best-derma-care.com/,0
https://letsforum.com/,0
https://hyorim.co.kr/,0
https://bcplanpass.com/,0
https://kurasukoto.com/,0
https://tmh.com.cn/,0
https://discountdecor.co.za/,0
https://jiffyshirts.com/,0
https://montgomeryadvertiser.com/,0
https://oobgolf.com/,0
http://noway.oloruntiseoluwaseyi.com/,1
https://portable4pro.ru/,0
https://teachingenglish.org.uk/,0
https://motoin.de/,0
http://forms.zohopublic.com/,1
https://girlsfriendclub.com/,0
https://multihosting.gr/,0
https://galaxys4forums.net/,0
https://pornopin.me/,0
https://babiegames.net/,0
https://memberium.com/,0
https://informazioninelweb.com/,0
https://lilu2.ch/,0
https://vbkraichgau.de/,0
https://hiddenstarsgames.com/,0
https://mapleroyals.com/,0
https://eldorado.net/,0
https://tinhotviet.net/,0
https://vicensvivesonline.com/,0
https://lauracandler.com/,0
https://tributes.com/,0
http://www.unitedkingdomimmigrationservices.org/,1
https://talexxx.com/,0
https://pohankaacura.com/,0
https://basketballinsiders.com/,0
http://support-5560.hol.es/,1
https://arabella.at/,0
https://nickelodeonjunior.fr/,0
https://parrot.co.za/,0
https://prolander.pl/,0
https://parseface.com/,0
https://bonbonpartievi.com/,0
http://lhhaokailighting.com/,1
https://androappworld.com/,0
https://cars.ru/,0
http://cover-acct8678.esy.es/,1
https://manaviism.com/,0
https://clothing9.blogspot.com/,0
https://movimientomira.com/,0
https://ollnews.ru/,0
https://uksexdatingsites.co.uk/,0
https://ipse.com/,0
https://iwc.co.za/,0
https://picstop.co.uk/,0
https://becentsable.net/,0
https://e-recruitment.or.id/,0
https://reeltheatre.com/,0
https://mersibo.ru/,0
https://apartments-service.com/,0
https://mbainsider.in/,0
https://berlinswhimsy.typepad.com/,0
https://qppi.ru/,0
https://synergita.com/,0
https://quirkynomads.com/,0
https://hocmai.vn/,0
https://sms4connect.com/,0
https://for-your-beauty.ru/,0
https://samnews.ru/,0
https://buildertrend.com/,0
https://domikru.net/,0
https://videonoob.fr/,0
https://gwyhw.com/,0
http://di15.co.vu/,1
http://piewerks.com/,1
https://last-tour.com/,0
https://theblessedlife.com/,0
https://auktionen-gaertner.de/,0
https://541radio.com/,0
https://mgw-media.de/,0
https://rexel.fr/,0
https://baima.com/,0
https://californiadar.org/,0
https://numberwatch.co.uk/,0
https://tabgame.net/,0
https://ecran7.com/,0
https://blingdaily.com/,0
https://inspirationallifetips.com/,0
https://forumteneriffa.de/,0
https://financepitch.com/,0
https://weloveshortvideos.com/,0
https://mobilysim.com/,0
http://harigoindia.com/,1
https://cocot.jp/,0
https://miiee.com/,0
http://binary-project.com/,1
https://ww24.ru/,0
https://avtopro.ua/,0
https://nomu.com/,0
http://adds-info-pages2017.hol.es/,1
https://aziende-it.it/,0
https://taftonline.ir/,0
https://leadingessays.com/,0
https://france-t411.com/,0
http://www.antiquehostel.ro/,1
http://www.verification-mobile-nab.com/,1
https://coachingways.fr/,0
https://body-supplies.nl/,0
https://farmersjournal.ie/,0
https://heavytools.hu/,0
https://rvone.com/,0
http://simnokomun.lt/,1
https://ebite.in/,0
https://ubisoftgroup.com/,0
https://kmspico10.com/,0
https://glprogramming.com/,0
https://fstcdn.com/,0
http://wrightlandscapes.org/,1
https://studyinaustralia.gov.au/,0
https://seattlerb.org/,0
https://sacredspace.ie/,0
https://paintmaster.ru/,0
https://all4w.co.za/,0
https://busportal.pl/,0
https://eenvandaag.nl/,0
https://enidbuzz.com/,0
https://toyhou.se/,0
https://tunisiadeal.com/,0
https://news.co.cr/,0
https://vinaget.us/,0
https://millionairetruth.com/,0
http://cenkershipping.com/,1
https://wongcrewchild.blogspot.co.id/,0
https://foodpanda.com.tw/,0
https://yafa-news.net/,0
https://eliane.com/,0
https://shikhar.com/,0
https://memurum.biz/,0
https://batkazananlardunyasi.com/,0
https://recipesnfood.com/,0
https://animefreak.us/,0
https://idifusora.com.br/,0
https://lemondropshop.com/,0
https://capelliricci.it/,0
https://bayenahsalaf.com/,0
https://free-sample-packs.com/,0
https://jackor24.se/,0
https://lastikcim.com.tr/,0
https://borntocode.co.za/,0
https://juanmanilaexpress.com/,0
https://sanko-media.com/,0
https://gotostcroix.com/,0
https://travelinhk.com/,0
https://de-beaute.com/,0
https://knippie.nl/,0
https://eurodrugstore.eu/,0
https://myfatlosstricks.com/,0
https://tricksduniya.com/,0
https://e-aryana.com/,0
https://getmypopcornnow1.blogspot.ae/,0
https://hopkinschildrens.org/,0
https://wm4pr.com/,0
https://openvox.cn/,0
https://maz.by/,0
http://zioras.pl/,1
https://giacchero.com.br/,0
https://oneworld.com/,0
https://shutterstockmail.com/,0
https://lady.jp/,0
https://kichun.co.kr/,0
https://tjshome.com/,0
https://forex-mmcis.com/,0
https://dtg.nl/,0
https://novosestudos.uol.com.br/,0
https://s0no.livejournal.com/,0
https://sprintunlock.com/,0
https://franquiciadeimpacto.com/,0
https://aapkaclassified.in/,0
https://knighthunter.com/,0
https://osoolgerayan.com/,0
https://uabmc.edu/,0
https://escort-guide.cz/,0
https://familyplanning.org.nz/,0
https://disabled-world.com/,0
https://fortiguard.com/,0
https://bikiniarmorbattledamage.tumblr.com/,0
https://trademarks.directory/,0
https://mercadodedinerousa.com/,0
https://urthcaffe.com/,0
http://www.sagittariusglobal.com/,1
https://huel.edu.cn/,0
https://igioiellidiemanuela.com/,0
https://proportion2009.jp/,0
https://bollymoviez.net/,0
https://thegioitiepthi.net/,0
https://allwebdesigninfo.com/,0
https://csgocashout.com/,0
https://tabm.ir/,0
https://protechnify.com/,0
https://datacom.co.nz/,0
https://study-music.ru/,0
https://perusmart.com/,0
https://optogan.ru/,0
https://t6k.co/,0
https://kobimaster.com/,0
https://nevadabusiness.com/,0
https://uc-ds.com/,0
https://atlantacharterbuses.weebly.com/,0
http://fractus.com/,1
https://sccfcu.org/,0
https://islamonlive.in/,0
https://reginaassumpta.qc.ca/,0
https://chirurgie-esthetique-europe.com/,0
https://dunloptires.com/,0
https://tremorhub.com/,0
https://arthadainik.com/,0
https://recruitmentgenius.com/,0
https://tracyreese.com/,0
http://webdropbox.net/,1
https://cda.de/,0
https://tablelife.com/,0
https://fellowsart.tumblr.com/,0
https://joway.cn/,0
https://xda-cdn.com/,0
https://italy-ng.com/,0
https://express.olsztyn.pl/,0
https://boardmans.co.za/,0
http://mygosecure.com/,1
https://kliklak.rs/,0
https://seeingyourscene.com/,0
https://your-krav-maga-expert.com/,0
https://hdwan.net/,0
https://24onlinenews.ir/,0
https://meska.hu/,0
https://ucas.edu.cn/,0
https://jinanfa.cn/,0
https://rodspec.ru/,0
https://cwctenders.com/,0
https://limefile.com/,0
https://cityofwinona.com/,0
https://script-lance.com/,0
http://ansti.org/,1
https://asahiculture.jp/,0
https://cool-gadgets.org/,0
https://thesimpledollar.com/,0
https://ihh.org.tr/,0
https://viewdesisex.com/,0
https://caravanparksexten.it/,0
http://onlinedecu.cba.pl/,1
http://shobiziems.com/,1
https://vovka.su/,0
https://apnatv.pk/,0
https://yoozoo.com/,0
https://bleedingcool.com/,0
https://accu.or.jp/,0
https://adda52live.com/,0
https://dhondo.com/,0
https://cnpolitics.org/,0
https://52sh.com.tw/,0
https://logicguns.com/,0
https://dressipy.com/,0
http://elmundo-latino.com/,1
https://juegosgratis3d.org/,0
https://allbinoptions.com/,0
https://lifethcfacts.com/,0
https://websolutions.com/,0
https://joepoh35.com/,0
http://goo.gl/,1
https://inspirationhut.net/,0
https://lochfyneseafoodandgrill.co.uk/,0
https://newyorkbusinessexpo.com/,0
http://ginatringali.com/,1
https://netforge.de/,0
https://campinglerancho.com/,0
https://dozasporta.com/,0
https://adfan.cc/,0
https://saqezshop.ir/,0
https://hipaa.com/,0
https://variasimx.com/,0
https://iamajamaican.net/,0
http://secure.saginawheadstart.org/,1
https://trieuphu.mobi/,0
https://gravure-sur-verre-mariage-bapteme.com/,0
https://semenarnia.me/,0
https://motorbaru.com/,0
https://contact4policy.com/,0
https://univali.br/,0
https://parkopedia.de/,0
https://pelatihanhukum.com/,0
https://stroyindustry.com.ua/,0
https://eva-nyc.com/,0
http://nanotechnopolis.com/,1
https://blogmedia24.pl/,0
https://humancoders.com/,0
https://makelovenotporn.com/,0
https://emadalensvikingar.se/,0
https://xn--vust4db34gjjd.com/,0
https://greenwoodcampbell.com/,0
https://haogongzhang.com/,0
https://bestwap.in/,0
https://stylight.nl/,0
https://nexustours.com/,0
https://growkudos.com/,0
https://ticoccola.it/,0
https://lapreferente.com/,0
https://longfeng2.org/,0
https://abonline.pl/,0
https://servercake.in/,0
https://sulforaphane.jp/,0
https://hebscztxyxx.gov.cn/,0
https://karenmillen.com.au/,0
https://guineenews.org/,0
https://maktel.mk/,0
https://votreargentcolloidal.com/,0
http://loadingspeacceasy.atwebpages.com/,1
https://josefhofer.wix.com/,0
https://foreverunique.co.uk/,0
https://graemeshimmin.com/,0
http://provoliprints.gr/,1
https://ver-taal.com/,0
https://campusparc.com/,0
http://latitudeinfra.com/,1
https://ticketgum.com/,0
https://ccl.in/,0
http://safety-check-67894.esy.es/,1
https://tipstart.nl/,0
https://sunnyroeffen.weebly.com/,0
https://astrolook.com/,0
http://sicoob-conta.com/,1
https://modernism.com/,0
http://www.jsb.ac.in/,1
https://ataf.net/,0
https://popnetwork.ir/,0
http://adadaadjaldkadlhadlsajlshsaah.blogspot.com/,1
https://ilovehawaiianfoodrecipes.com/,0
https://svetilnik-online.ru/,0
https://filmmakers.co.kr/,0
https://imagencardiaca.tv/,0
https://ja.wordpress.com/,0
https://observatoire-securite.tn/,0
https://imagetown.in/,0
https://psm.kalisz.pl/,0
http://usbank-auth37code.esy.es/,1
https://proyectodeempresaconservassil.blogspot.com.es/,0
https://crearesiteweb.net/,0
https://phonetracker.com/,0
https://portlandbolt.com/,0
https://partsources.net/,0
https://a-gites.com/,0
https://pakistanbroadband.com/,0
https://mamaguru.cz/,0
https://contraceptionjournal.org/,0
http://eveannlovero.com/,1
https://ktoreshit.ru/,0
http://saferpdf.000webhostapp.com/,1
https://smileparty.co.kr/,0
https://conservationcubclub.com/,0
https://hitchreap.tmall.com/,0
https://66681.com/,0
http://sharkprojects.fruitfuldemo.com/,1
http://seguranca-santa-mobile.000webhostapp.com/,1
https://tgsmart.jp/,0
https://trendyfest.com/,0
http://orgcontalex.com.br/,1
https://av2be.com/,0
https://spongebobgamesclick.com/,0
https://tifnet.net/,0
https://biz-logo.com/,0
https://liceografico.com/,0
http://pc-virus-373n3lc.info/,1
http://usnnvery.hol.es/,1
https://altusgroup.com/,0
https://webseiten.cc/,0
https://funtime.com.tw/,0
https://directmail.com/,0
https://smmvoin.ru/,0
http://tisch-und-decke.de/,1
http://er1cd13r.com/,1
https://projektrio.at/,0
http://www.siclogistics.com/,1
https://tempail.com/,0
http://www.singandvoice.com/,1
https://telefonabc.at/,0
https://linkconsult-admin.sharepoint.com/,0
https://topnews.com.br/,0
https://booksbeyond.co.id/,0
http://redux.news/,1
https://onlinebizandresources.info/,0
https://electricireland.com/,0
https://microcefalia.com/,0
https://nutraceutical.com/,0
https://urbantoronto.ca/,0
https://laundrylocker.com/,0
http://caixa.com.br.fgtsagendesaqueconta.com/,1
https://techandfilmmaking.com/,0
https://farjestadbk.se/,0
https://mercadodescomplicado.net/,0
https://member-central.com/,0
http://baltkagroup.com/,1
https://supertapete.de/,0
https://arnoldandson.com/,0
https://edited.de/,0
https://lagrecejaime.com/,0
https://beal.be/,0
http://marcof.pro.br/,1
http://hecmk.com/,1
https://archerygb.org/,0
https://escueladelvendedor.com/,0
https://reloadedtech.com/,0
https://horoscopes-love.eu/,0
https://lilluna.com/,0
http://wwp-cartasi-titoari-portale-sicreuzza-2017.dynamic-dns.net/,1
https://star-board-sup.com/,0
https://cpahotshot.com/,0
https://ziegler.de/,0
https://thetheme99.com/,0
https://advancedcombattracker.com/,0
http://excelsolarenergy.com/,1
https://avaya.com/,0
https://keithnelson.co.nz/,0
https://jalbum.net/,0
https://cytic.com/,0
http://dentalimplantformula.com/,1
http://murraylorri145.000webhostapp.com/,1
https://makeupdreamin.blogspot.ro/,0
https://nifty.ne.jp/,0
https://sport24outlet.dk/,0
http://manieyt.tk/,1
https://e-masary.net/,0
https://f1infoservices.com/,0
https://sporbiz.co.kr/,0
https://pointer.co.id/,0
https://midasoftce.com/,0
https://hupu.com/,0
http://ad-blockeds.com/,1
https://deadliftfitness.com/,0
https://ihug.com.au/,0
https://parksleepfly.com/,0
http://www.chevysportsman.com/,1
https://diningstylessurvey.azurewebsites.net/,0
https://appoxee.com/,0
https://linuxserver.com.br/,0
https://studiof.com.co/,0
http://email.windwardalerts.com/,1
http://gsl.xiyoukeji.com/,1
https://stresshives.org/,0
https://okuprediction.com/,0
https://fotovknige.ru/,0
https://sglinks.com/,0
https://adnegah.net/,0
https://friv-jeux.com/,0
https://unece.org/,0
https://energytrend.com.tw/,0
https://gamesweek.melbourne/,0
https://shizuoka.ac.jp/,0
https://ergonis.com/,0
https://laaganngabata.com/,0
https://ourominas.com.br/,0
https://webinfluence.org/,0
https://ylcamera.com.my/,0
https://astrio.net/,0
https://emarketinghoy.com/,0
https://astound.net/,0
https://thebrickfan.com/,0
https://cinemaro.net/,0
https://makankeliling24.com/,0
https://newmuslims.com/,0
https://arieltatumers.com/,0
https://pommietravels.com/,0
https://modalsemangat.com/,0
https://tahitivillage.com/,0
https://ledinnova.ru/,0
https://skeppsholmen.se/,0
https://doublegunshop.com/,0
https://dotprogramming.blogspot.com/,0
https://my128.net/,0
https://kanbantool.com/,0
https://thejewniverse.com/,0
https://webzguru.net/,0
https://profilesgac.com/,0
https://virtualmedia.ch/,0
https://tuasesordecoches.com/,0
https://inmueblesrealesonline.com/,0
http://www.100clubchicago.org/,1
https://tlezb.com/,0
https://moeeki.net/,0
https://stocktrader.com/,0
https://bcj.or.jp/,0
https://postaseriilan.com/,0
https://metrofrikisymusicadelos80.com/,0
https://getxo.eus/,0
https://easyreset.in/,0
https://typoeffects.com/,0
https://ssclg.com/,0
https://bpoinfoline.com/,0
http://sociopremiosedescontos.com/,1
https://webinc.eu/,0
https://monetavinternete.ru/,0
https://university.com/,0
http://www.paypal-customerfeedback.com/,1
https://lyrikwelt.de/,0
https://jacquelinewilson.co.uk/,0
http://ip55.ip-144-217-29.net/,1
http://samaalreem.com/,1
https://listmentor.com/,0
https://limstyle.co.kr/,0
https://ilyosisa.co.kr/,0
https://protectcell.com/,0
http://verification-mobile-nab.com/,1
https://landstaronline.com/,0
https://sconty.it/,0
https://thefarm1.com/,0
https://softwaretestinghelp.org/,0
https://carroesporte.com.br/,0
https://vshock.info/,0
https://visabillpay.in/,0
https://ireport.cz/,0
http://newsvanguard.in/,1
https://think-tank.co.kr/,0
https://myprivatetutor.hk/,0
https://mylaheychart.org/,0
http://www.ornamentmania.com/,1
https://nsafollowers.blogspot.co.id/,0
https://bulk.ir/,0
https://fnet.de/,0
https://maash.jp/,0
https://gunterkitchens.com/,0
https://hotclicks.com.br/,0
https://eqwo.net/,0
https://anunturi-agricole.ro/,0
https://roleplayrepublic.com/,0
https://skimfeed.com/,0
https://aujardin.info/,0
https://airfrance.co.kr/,0
https://newlyswissed.com/,0
https://portaldelcoaching.com/,0
https://wikitesti.com/,0
https://laatukellot.fi/,0
http://secretsofthemind.net/,1
https://psychotherapy.co.za/,0
https://reseauamour.com/,0
http://cover-acct5438.esy.es/,1
https://brit-rocks.com/,0
https://hibi-kancolle.com/,0
https://wilsdomain.com/,0
https://razpayamak.ir/,0
https://kurbo.com/,0
https://zhuhaidaily.com.cn/,0
https://viralovostar.com/,0
https://sonicable.com/,0
https://chesnochny.ru/,0
https://purozacatecassaax.com/,0
https://slontube.net/,0
http://zip.net/,1
https://kambillsystems.com/,0
https://maxconsole.com/,0
https://bemytravelmuse.com/,0
https://resoartlab.com/,0
https://factsknow.com/,0
https://pokevault.com/,0
https://mostlyhomemademom.com/,0
https://ubterex.in/,0
https://romzhushou.com/,0
https://spy2mobile.com/,0
https://fllcasts.com/,0
https://mahacod.com/,0
https://lishman.com/,0
https://soti-my.sharepoint.com/,0
https://paiho.com/,0
https://maier-vintage.fr/,0
https://htmlhelp.com/,0
https://bipm.org/,0
https://extremepizza.com/,0
https://francochinois.com/,0
https://koni-na.com/,0
https://stereo.de/,0
http://www.edleigh.co.za/,1
https://basellandschaftlichezeitung.ch/,0
https://freedriverscout.com/,0
https://ayala-towers.co.il/,0
https://wilogo.com/,0
https://bwin.gr/,0
https://demobaza.com/,0
https://myimgroom.net/,0
https://chtdw.com/,0
https://71.cn/,0
http://sicredisms.ignitiondomain.com/,1
https://wohnen-in-loebau.de/,0
https://liveforever.club/,0
https://bm-online.de/,0
https://mexoyun.com/,0
https://newbiestuff.blogspot.co.id/,0
https://historicalfirearms.info/,0
https://cocoknits.com/,0
https://the-digital-reader.com/,0
https://mature-laid.com/,0
https://aufdemdach.net/,0
https://vividgreetings.com/,0
https://mamibeli.com/,0
https://arigbank.mn/,0
https://wwdaapply.com/,0
https://wien.ir/,0
https://praguealacarte.com/,0
https://posudaclub.kiev.ua/,0
https://zippymusic.lt/,0
https://essca.fr/,0
https://eagerbug.com/,0
https://xiaomeiti.com/,0
https://wx2h.com/,0
https://sketseljepara.com/,0
https://chomdoihouse.com/,0
https://xvidoes.com/,0
https://dlbinfotech.com/,0
https://watsoncaringscience.org/,0
https://outontrip.com/,0
https://dieselirk.ru/,0
https://wjdaily.com/,0
https://idanalytics.com/,0
http://hissoulreason.com/,1
https://cebbank.com/,0
https://taruntahiliani.com/,0
https://bett1.de/,0
https://mrsboho.com/,0
https://ulss16.padova.it/,0
https://jamesonfirstshot.com/,0
https://mediatvzone.net/,0
https://jebiga.com/,0
https://goboimage.ru/,0
https://vibha.org/,0
http://question.pcubelive.com/,1
http://extratoinativos.com/,1
https://uslandrecords.com/,0
https://4wdl.com/,0
https://moonsystem.to/,0
https://neiu.edu/,0
https://just4petcare.com/,0
https://clashsubmit.com/,0
https://biofile.ru/,0
https://a-fashion-story.com/,0
https://treatmentadvocacycenter.org/,0
https://carinsurancerim.blogspot.in/,0
https://nitrr.ac.in/,0
https://fanatec.com/,0
https://pornelk.org/,0
https://soruyorum.com.tr/,0
https://inventwithpython.com/,0
http://tinyurl.com/,1
https://aunurrofik.com/,0
https://kga.gr.jp/,0
https://thanksmailcarrier.com/,0
https://htcampus.com/,0
https://jinni.com/,0
https://remm.jp/,0
https://ctpromusic.org/,0
https://nivea.de/,0
https://sogc.org/,0
https://mystrotv.com/,0
https://youngasstube.com/,0
https://18xgroup.com/,0
https://gustav-freytag.info/,0
http://theparlourbeautyrooms.ie/,1
http://page.app15.in/,1
https://pipestock.com/,0
http://34.201.92.123/,1
https://amazonaws.com/,0
https://bcfaucet.co/,0
https://tophealthideas.com/,0
https://doctorvlad.com/,0
https://mrpopat.in/,0
https://rentafree.net/,0
https://armurerie-roussel.fr/,0
https://hmn-net.com/,0
https://topurist.ru/,0
https://rentafriend.com/,0
https://coolpadindia.in/,0
https://release-me.ru/,0
https://baycrest.org/,0
https://hltet.com/,0
https://travelmob.com/,0
https://dfwiki.com/,0
http://www.missalli.nl/,1
https://dyj138.com/,0
https://holidaybeach-paola.it/,0
http://support1213112.hol.es/,1
https://forblind.net/,0
https://maxjoke.net/,0
https://egogame.biz/,0
https://schoollockers.com/,0
https://eufunds.bg/,0
https://paineldecontrole.com.br/,0
https://viosys.de/,0
https://skom.kz/,0
https://partsbrush.com/,0
https://personalsushi.com.br/,0
https://multilinkonline.com/,0
https://blogknowhow.blogspot.com/,0
http://kohchang-holidays.com/,1
https://ogoing.com/,0
http://mundialpecas.com/,1
http://vbly.us/,1
https://aplava.com/,0
https://marhababy.com/,0
https://examtayari.in/,0
https://cashandchequeexpress.co.uk/,0
https://viltour.com/,0
https://drivetheweb.com/,0
https://datamail.co.nz/,0
https://kigalikonnect.com/,0
http://fb-systemapps.esy.es/,1
https://ticketlink.co.kr/,0
https://neotera.gr/,0
https://100partnerprogramme.de/,0
https://aveeno.co.uk/,0
https://brandrep.com/,0
https://referatz.ru/,0
https://sitedar.com/,0
https://wifibusinessinabox.com/,0
http://websitebuilder102.website.com/,1
https://firstrow.com/,0
https://mppre.gob.ve/,0
https://skymark.co.jp/,0
https://doralacademyprep.org/,0
https://likechich1.com/,0
https://presotto.it/,0
https://onlineindianclassifieds.com/,0
https://tricksrobo.com/,0
https://hardcoreware.net/,0
https://ravelrycache.com/,0
https://kidup.dk/,0
https://novostroy-ryazan.ru/,0
https://beardedcolonel.co.uk/,0
https://bestsoc.com/,0
http://cop.com.pe/,1
https://cccommunication.biz/,0
https://kebello.com/,0
http://lexavierpartners.com/,1
https://world121.com/,0
https://onlineroulette.org/,0
https://christmasdaygreetings.com/,0
http://www.fahwonmai.tv/,1
https://metro.lu/,0
https://themalefactor.com/,0
https://elonymous.com/,0
https://historylists.org/,0
http://www.gommetermiche.it/,1
https://the-palace.de/,0
https://bankofinternet.com/,0
https://goalanalytics.com/,0
https://petitandsmall.com/,0
https://ogorodbezzabot.ru/,0
https://tieuthuyethay.com/,0
https://65e.org/,0
https://fairtradex.com/,0
https://amgdoctors.com/,0
https://lawrence.edu/,0
https://webenter.ir/,0
http://dooglinn.beget.tech/,1
http://xn--https-servio-85-omb.jelastic.regruhosting.ru/,1
https://uefi.org/,0
https://macx.ws/,0
https://immofacile.ca/,0
https://recetaslamasia.es/,0
https://whitefinder.com/,0
http://recover-fb-warning01.esy.es/,1
https://linkincube.com/,0
https://farazteb22.com/,0
https://pornonudo.com/,0
https://fit-fan.co.jp/,0
https://corework.cz/,0
https://abcwua.org/,0
https://fundining.ae/,0
https://royalty.nu/,0
https://7program.com/,0
http://sicoob-card.com/,1
https://pequannock.org/,0
https://romagnamamma.it/,0
https://nerdnudes.com/,0
https://caballerosyprincesas.es/,0
https://jokeslateefy.com/,0
https://rakuteneagles.jp/,0
https://escueladeriqueza.org/,0
https://photo-tricks.com/,0
http://fb-securitypolicy101inc.esy.es/,1
https://kanmusu.com/,0
https://tajdidlinux.org/,0
https://groupon.com/,0
https://toucharcade.com/,0
https://freesubdirectory.blogspot.in/,0
http://aolonlineservices.cba.pl/,1
http://wrkinprog.com/,1
https://remmers.pl/,0
https://dickerdata.com.au/,0
https://guruonlineapps.com/,0
http://acct8877.esy.es/,1
https://lisacongdon.com/,0
https://sunnysideupsd.com/,0
https://brindesredosul.com.br/,0
https://jaldirecharge.com/,0
https://codespostaux.com/,0
https://likaman.net/,0
https://buanzo.com.ar/,0
https://life-dieta.ru/,0
https://elquintopoder.cl/,0
http://nnconsultoria.com.br/,1
https://brazzer.com/,0
https://ruchiskitchen.com/,0
https://luxuriousnetwork.com/,0
http://34.224.68.176/,1
https://podrozezwinem.pl/,0
https://ethemes.com/,0
https://hoiquanraovat.com/,0
https://azay.co.th/,0
https://democraticgovernors.org/,0
https://h000r.com/,0
https://cvsu.edu.ph/,0
https://polito.it/,0
https://smesauda.com/,0
https://souda-kyoto.jp/,0
https://dreamnews.jp/,0
https://medicena.ru/,0
https://outventure.ru/,0
https://isipulsa.co.id/,0
https://appen.com.au/,0
https://milani.ca/,0
https://deltahotels.com/,0
http://librievini.it/,1
http://designaxis.net/,1
https://justdofollow.com/,0
https://fsjiaju.com/,0
https://haplat.net/,0
https://f-electricite.fr/,0
https://yygrammar.com/,0
https://mediafuse.com/,0
https://cochransubaru.com/,0
https://xmp.net/,0
https://infobahrain.com/,0
http://www.citadelchurchjax.com/,1
https://asesoriafiscalmalaga.es/,0
https://togas.ru/,0
https://ibphub.com/,0
http://a.doko.moe/,1
https://strangernn.livejournal.com/,0
https://bebetei.ro/,0
https://faxitfast.com/,0
https://fluent-forever.com/,0
https://suprbay.org/,0
http://grannyflat-s.com.au/,1
https://playboy-playmate.com/,0
https://seebuyflyhappyhour.nl/,0
https://oocities.org/,0
https://elagostore.com/,0
https://medicinep.com/,0
http://acct-recover7895345546.esy.es/,1
https://cartonservice.fr/,0
https://china-toy-expo.com/,0
https://pujaa.se/,0
https://dropboxforbusiness.com/,0
https://feitdirect.com/,0
https://itsiti.com/,0
https://nakedguysinmovies.com/,0
https://bebe123.com.br/,0
https://104house.cc/,0
https://minecraftskinavatar.com/,0
https://frmsinsi.net/,0
https://adbiiz.com/,0
https://tiendatoshiba.es/,0
https://fxstart.com.ua/,0
https://specialeducationguide.com/,0
https://lady-master.ru/,0
https://coralossonoba.com/,0
https://kahkaha.gen.tr/,0
https://zxth.cn/,0
https://alitrust.ru/,0
https://woohome.com/,0
https://webdirections.org/,0
https://americangallery.wordpress.com/,0
https://redy.pl/,0
https://freshu.io/,0
https://zrsr.sk/,0
https://speak.social/,0
https://capitanbado.com/,0
https://fragrantica.com/,0
https://stickyjs.com/,0
https://acasports.co.uk/,0
https://bcointernacional1.com/,0
http://oa.ying-zhuo.com/,1
https://mdforum.ru/,0
https://stargate-fusion.com/,0
https://west-crete.com/,0
https://jcted.cz/,0
https://yokimirantiyo.blogspot.co.id/,0
https://calumetphoto.com/,0
https://bettysoriginalembroideries.net/,0
https://home-interiors.in/,0
http://confifsk.sumdu.edu.ua/,1
https://earnmoneysites.com/,0
https://doctorspiller.com/,0
https://clustermail.de/,0
https://axxell-my.sharepoint.com/,0
https://openwebcms.es/,0
http://ctrl4enviro.com/,1
https://communitymanagerfreelance.it/,0
https://spinyourfire.com/,0
https://grabtaxi.com/,0
https://cliqueabc.com.br/,0
https://mcm.bg/,0
https://emk04.com/,0
https://mi727.com.tw/,0
https://reliance-foundry.com/,0
https://consob.it/,0
https://bccresearch.com/,0
https://rayovac.com/,0
https://tucompra.com.co/,0
http://support109381.hol.es/,1
https://gravert.cl/,0
https://aboogy.com/,0
https://skyreal.com.vn/,0
https://calypse.de/,0
https://basketkorea.com/,0
https://besplatnyeprogrammy.pro/,0
https://myvitamins.com/,0
https://hcmuarc.edu.vn/,0
http://consultar-fgts.com/,1
https://generaleshop.com/,0
https://girlstopics.com/,0
https://witsexpert.com/,0
https://raznogo.com/,0
https://aeroparks.co.nz/,0
https://storemapper.co/,0
https://meteored.mx/,0
https://typeisbeautiful.com/,0
https://pravdiko.mk/,0
https://todaysbride.com/,0
https://tyndallebanking.org/,0
https://kabukabu-kenkyu21.com/,0
https://pluribusnetworks.com/,0
https://tzgjj.net/,0
https://dspsport.com/,0
https://donvin.com/,0
https://brpass.com/,0
http://suspended-fb.hol.es/,1
https://hiplatina.com/,0
https://launchbox-app.com/,0
http://safety-check-893465.esy.es/,1
https://fukushi-d.com/,0
https://oliveremberton.com/,0
https://sorananistor.com/,0
https://tokaikisen.co.jp/,0
https://shrockworks.com/,0
https://gorenje.pl/,0
https://taguage.com/,0
http://mailemacces.form2pay.com/,1
https://oleocio.com/,0
https://abrightclearweb.com/,0
https://bjfda.gov.cn/,0
https://evecloudhost.com/,0
https://scrapmagazine.com/,0
https://trahtor.net/,0
https://emediausa.com/,0
https://kore_dl.rzb.ir/,0
https://voluumtrk.com/,0
https://nantokadoga.com/,0
https://heavenmanga.com/,0
http://j-wearfetish.com/,1
https://bigfurniturewebsite.com/,0
https://bryankonietzko.tumblr.com/,0
http://greatwesterncatskills.com/,1
https://nimblechapps.com/,0
https://point-island.com/,0
https://mediapiac.com/,0
https://jurnalista.net/,0
https://mudiao888.com/,0
https://bakflip.com/,0
https://socksandbondage.tumblr.com/,0
https://kadinimguzelim.com.tr/,0
https://ravebin.com/,0
https://flatcast.com/,0
https://wpbean.com/,0
https://catubes.com/,0
https://sizzlinscizzors.com/,0
https://100percentpure.de/,0
https://rats.no/,0
https://armory.com/,0
https://col3negoriginal.org/,0
https://abwebthemes.com/,0
https://aeronewstv.com/,0
https://sparkasse.at/,0
https://iti.gov.br/,0
https://pictometry.com/,0
https://avvenire.it/,0
https://hxpxw.net/,0
https://wy.gov.cn/,0
https://accidentfund.com/,0
https://real-mate.com/,0
https://fiercecmo.com/,0
http://www.sping-doo.si/,1
https://1stat.ru/,0
https://filehorst.de/,0
http://www.eventhire4u.com/,1
https://thearoengbinangproject.com/,0
https://legapallacanestro.com/,0
https://thalasso.com/,0
https://seninem.az/,0
http://loogin-facebook-safety.esy.es/,1
https://ladycomp.nl/,0
https://carclean.nl/,0
https://thechunkychef.com/,0
https://realitysluts.com/,0
https://w-394.net/,0
https://expansionmethod.com/,0
https://unikal.org/,0
https://spankingpersonalads.com/,0
https://spankwirefree.com/,0
https://bocharik.livejournal.com/,0
https://susans.org/,0
https://dunyouzbeklari.com/,0
https://satypalu.kz/,0
https://jarltech.de/,0
https://globalbox.com.py/,0
https://pricerator.com/,0
https://dasibogi5.com/,0
https://tripcomp.ru/,0
https://portalrh.com.ar/,0
https://myactiveonline.co.za/,0
https://funbridge.com/,0
https://arrr.xyz/,0
https://lotjesbabyphotography.com/,0
https://megatorrentbr.org/,0
http://consultabeneficiosmirror01.esy.es/,1
https://mynutriliving.com/,0
https://motopreview.com/,0
http://zemindar.lt/,1
https://lexer.com.au/,0
https://tasarimharikasi.net/,0
https://smithgroupjjr.com/,0
https://gardenate.com/,0
https://arnaqueoufiable.com/,0
https://smooch.com/,0
https://supportcentre-rbs.co.uk/,0
https://proweb.co.id/,0
https://brookhavencollege.edu/,0
https://cprogrammingcode.com/,0
https://cuttingsjewellers.co.uk/,0
https://niclibraries.org/,0
https://triathlon.org/,0
https://onlinecomponents.com/,0
http://attxn.net/,1
https://zelenadomacnostiam.sk/,0
http://normansfinejewelry.com/,1
https://comunecatanzaro.it/,0
https://peliculas.com/,0
https://schecter.co.jp/,0
https://e-promag.pl/,0
https://ekiben.or.jp/,0
https://kdealer.com/,0
https://jprokishi.net/,0
https://hansgrohe.se/,0
https://zona33preescolar.com/,0
https://oestegoiano.com.br/,0
https://templated.co/,0
https://ligergroup.ru/,0
http://amethystia.com/,1
https://onlayn-radio.ru/,0
https://tmocache.com/,0
https://kansong.org/,0
https://xn--fiqu38o.jp/,0
https://mydinersclub.com/,0
https://roelvanlisdonk.nl/,0
https://throng.co.nz/,0
https://cc-fan.ru/,0
https://myuncle.cn/,0
https://arabmodding.com/,0
https://peredpokupkoy.ru/,0
https://jolies-momes.fr/,0
https://escort-massage-4u.be/,0
https://cubki.jp/,0
https://evalue-shop.com/,0
https://happyteachersday-2015.com/,0
https://opiniatimisoarei.ro/,0
https://lemonsandanchovies.com/,0
https://maxi-pedia.com/,0
https://myprice.com.cn/,0
https://weeb.tv/,0
https://e-crimea.biz/,0
https://topsforshoes.com/,0
http://snfp.ro/,1
https://buhland.ru/,0
https://mythologicinteractive.com/,0
http://safety-check-73652.esy.es/,1
https://britainfirst.org/,0
https://bygumbygolly.com/,0
https://tmsupply.com/,0
https://michaelwalters.com/,0
https://videocon.com/,0
https://epam.ru/,0
https://patexia.com/,0
https://atelierpromo.com/,0
https://colvema.org/,0
https://topst.jp/,0
https://astrology-consultant.com/,0
https://xiaolinsi.com/,0
https://whitecottonpeonies.com/,0
https://wtleads.com/,0
https://webarchive.com/,0
https://lianye008.com/,0
https://solaplugins.com/,0
https://daralhilal.com.eg/,0
https://revolversoftware.com/,0
https://anupriyamishra.com/,0
https://vinfreecheck.com/,0
https://webview.com/,0
https://aheadrm.com/,0
https://lightingstyles.co.uk/,0
https://okcasino.ru/,0
https://inspireforex.com/,0
https://survival-spot.com/,0
https://hrforhealth.com/,0
https://andaman.gov.in/,0
https://esj.com/,0
https://bijouclub.fr/,0
https://stafaband.com/,0
https://uddventures.cl/,0
https://revistasenal.com/,0
https://genecarlyle.com/,0
http://chasebankusa.paradisepaymentgold.com/,1
https://bwabtk.com/,0
https://zabludowiczcollection.com/,0
https://locanto.co.uk/,0
https://xn----7sbgjfsnhxbk7a.xn--p1ai/,0
https://print-bingo.com/,0
https://thecarycompany.com/,0
https://ischiaprenotazioni.it/,0
https://reviewbulletinboard.com/,0
https://mediaclever.fi/,0
https://onlinebuffalo.com/,0
https://evenflo.com/,0
https://onlinetv.kg/,0
https://weddingshe.com/,0
https://minispares.com/,0
https://showroomprive.be/,0
https://diquigiovanni.it/,0
http://04daa73b.ngrok.io/,1
https://buditanrim.co/,0
https://sizefetishzone.com/,0
https://intheknowcycling.com/,0
https://groupphotographers.com/,0
https://252ai.com/,0
https://kazo.lg.jp/,0
https://silberauto.ee/,0
https://vitalsofttech.com/,0
https://pxljobs.com/,0
https://youthonomics.com/,0
https://selecty.com.br/,0
https://joomla-wiki.de/,0
https://ideecadeauquebec.com/,0
https://individualaccountmanager.com/,0
https://rxtv.ru/,0
https://sumitomolife.co.jp/,0
http://logs.en-action.com/,1
https://unusualattractions.com/,0
https://sfgame.pl/,0
https://livescore.co.kr/,0
https://notonly.ru/,0
https://pazera-software.com/,0
https://internethotline.jp/,0
http://pages-5566.hol.es/,1
https://tqgm.it/,0
https://100degrees.com/,0
https://bonprix.ch/,0
https://mearstransportation.com/,0
https://lacledegas.com/,0
https://zumbu.com/,0
https://tallmomtinybaby.com/,0
https://usability.de/,0
https://travestisvip.com.br/,0
https://storypk.blogspot.in/,0
https://dollsent.jp/,0
https://haberimparator.com/,0
https://hightechcampus.com/,0
https://kostenlos-horoskop.de/,0
https://com-ausgewaehlter-gewinner.link/,0
https://propertybook.ro/,0
http://www.r129motoring.com/,1
http://www.inhomecareidaho.com/,1
https://fenmeimei.com/,0
https://77tuba.com/,0
https://linda-goodman.com/,0
https://municipalrecordsearch.com/,0
https://cadot.jp/,0
https://tongxuewang.top/,0
https://navington-shop.ru/,0
https://cignadentalplans.com/,0
https://prerender.io/,0
https://laboursolutions.com.au/,0
https://bibpol.pp.ua/,0
https://chicago-theater.com/,0
https://haveeru.com.mv/,0
http://www.innovi.cc/,1
http://habercinimnette.tk/,1
http://unauthorizd.newebpage.com/,1
https://maarefislam.com/,0
http://activation-locked-help17.16mb.com/,1
http://dj00.co.vu/,1
https://attinternetservice.com/,0
https://thnews168.blogspot.com/,0
https://gabris.ru/,0
https://ovallehoy.cl/,0
https://miteleonline.com/,0
https://birodeme.com/,0
http://checkpoint-erorr-fb005.esy.es/,1
https://switchme.in/,0
https://smartsound.com/,0
https://food.de/,0
https://syr-res.com/,0
https://mobdro.com/,0
https://euroshare.eu/,0
https://ifbappliances.com/,0
https://classroomteacher.ca/,0
https://dashubao.cc/,0
https://infostormer.com/,0
https://theologyofwork.org/,0
https://classborder.com/,0
https://dothebay.com/,0
https://globalncap.org/,0
https://danchungcu.net/,0
https://betsoft.com/,0
https://yellowbridge.com/,0
https://erfahreneladies.de/,0
https://cba.fr/,0
https://leveldown.fr/,0
https://stationfy.com/,0
https://61saat.com/,0
https://kelasindonesia.com/,0
https://iranmarcopolo.com/,0
https://aplus.co.jp/,0
https://isendyou.hk/,0
https://desjardins.fr/,0
https://ahern.com/,0
https://flapmmo.com/,0
https://a7la-anime.com/,0
https://lakeviewderm.com/,0
https://earth-pics.com/,0
https://pnmac.com/,0
https://bsmarkets.com/,0
https://kh-davron.uz/,0
http://depatmens-recons002.esy.es/,1
http://ni1232966-4.web16.nitrado.hosting/,1
https://izhiyuan.cn/,0
https://searchtorrent.top/,0
https://am-sur.com/,0
https://timocom.com/,0
http://tizianabeauty.ch/,1
https://sphitech.co.kr/,0
https://muzykuj.com/,0
https://selfie.net.in/,0
https://babu.ir/,0
https://onewaycargo.com.ve/,0
https://sharperiron.org/,0
https://ksposui.com/,0
https://liuyanw.cn/,0
https://puurdesign.nu/,0
https://cityseekr.com/,0
https://lalaruiz.com.br/,0
https://sgpromocodes.com/,0
https://strongviking.com/,0
https://chobansi.com/,0
https://isyourhome.com/,0
https://nuki-log.com/,0
https://blogabet.com/,0
https://okane-tisiki.com/,0
https://sunstonemagazine.com/,0
https://friendabilityquiz.ca/,0
https://oto.net/,0
http://click.waw.pl/,1
https://logo-designer.co/,0
https://fotopromos.com/,0
https://riverside.ca.us/,0
https://naehbistro.ch/,0
http://cic.com.jo/,1
https://cloudcore.rs/,0
http://portal-consultafgts.com/,1
http://cover-acct0926.esy.es/,1
http://bigrichpoems.com/,1
https://associazionecuratori.it/,0
https://netkl.com/,0
https://ladyjour.ru/,0
https://buenosairesmarket.com/,0
https://skiyaki.net/,0
https://differer.ru/,0
https://ors.ru/,0
https://resavenue.com/,0
https://builtinchicago.org/,0
https://mobdi-web.com/,0
https://revolusiruang.com/,0
https://4irsms.com/,0
https://casadoautoeletrico.com.br/,0
https://limite-atteinte.com/,0
https://tradycyjne.net/,0
https://nfon.com/,0
https://codeabbey.com/,0
https://yourmovies.com.au/,0
https://kalmarlansmuseum.se/,0
https://cktrk.info/,0
https://expert-electromenager.com/,0
https://healthyhomecafe.com/,0
https://aiseesoft.de/,0
http://omahcorp.co.id/,1
https://lesbiannodouga.jp/,0
https://mumcentral.com.au/,0
https://traffic-hits.com/,0
https://sale24.by/,0
https://fernandinaobserver.com/,0
https://talks.su/,0
https://helphopelive.org/,0
https://smokerservice.com/,0
https://endjatt.in/,0
http://ibcnews.pk/,1
https://itruemart.com/,0
http://www.con-v-air.com/,1
https://g0p.biz/,0
https://naracityconst.co.kr/,0
https://your-freedom.de/,0
http://Usaa.doc.bizburrows.com/,1
https://peopleofcolorintech.com/,0
https://gamexs.in/,0
https://eroticvideos.jp/,0
https://arab-mirror.com/,0
https://popuptee.com/,0
http://fb-securityloginfo406txt.esy.es/,1
https://backlinkstate.com/,0
https://cvudes.edu.co/,0
https://banbuonsieure.com/,0
https://involta.com/,0
https://nrec.com/,0
https://al-mishkat.com/,0
https://rosencentre.com/,0
https://contabo.host/,0
https://qsalute.it/,0
https://indiemode.co.za/,0
https://londoncalling.co/,0
https://animerelief.com/,0
https://acura.com/,0
https://northropgrumman.com/,0
http://celebrapack.com/,1
https://vitalitylink.com/,0
https://pa.be/,0
https://dailywritingtips.com/,0
https://informafrica.net/,0
https://xboxclips.com/,0
https://herehuge.com/,0
https://sardegnaoggi.it/,0
https://netup.biz/,0
https://espagnauto.com/,0
https://diginn.com/,0
https://bizimkus.com/,0
https://zserials.tv/,0
https://sch.lk/,0
https://studebtsjob.blogspot.com/,0
https://visionnw.com/,0
https://lorenzabasicos.com/,0
https://onecoin.eu/,0
https://rekru.de/,0
https://dolphindiscovery.com.mx/,0
https://vestoitaliano.it/,0
https://zockme.com/,0
https://altabadia.org/,0
https://nisoc.ir/,0
https://moviebokep.com/,0
https://yasa.co/,0
https://decoplanet.pl/,0
https://theaterverein-unteruns.de/,0
https://modernlegacy.com.au/,0
https://erinpavlina.com/,0
https://canalplus.com.ve/,0
http://recover-acct88000.esy.es/,1
http://saedds4343354.esy.es/,1
https://n4k.ru/,0
https://voebb.de/,0
https://billieroseblog.com/,0
https://upcomingcarsinindia.in/,0
http://demo.369usa.com/,1
https://klubkoff.ru/,0
https://questofnews.com/,0
http://oneworldorganisation.org/,1
http://c0.16mb.com/,1
https://cineplaceportugal.pt/,0
https://tiffany.cn/,0
https://sr-consultant.net/,0
https://balkanmp3.ba/,0
https://madnezz.com.br/,0
https://as-soins.be/,0
https://grafix21.de/,0
https://mobikin.ucoz.com/,0
http://loogin-facebook-checkpoin7888.esy.es/,1
https://odense.dk/,0
https://cerkva.info/,0
https://fishadultgames.com/,0
https://reviskorea.co.kr/,0
https://thepworld.com/,0
https://apanmovies.in/,0
https://fwrd.com/,0
https://parsianwebdesign.ir/,0
https://bmonline.ph/,0
https://iranwebkala.ir/,0
https://harta.biz/,0
https://bashzan.ru/,0
https://pacinst.org/,0
https://powerclip.net/,0
http://virgilecatherine.fr/,1
http://vuongquocsen.com/,1
https://ushreb.com/,0
https://securitybankkc.com/,0
https://blckwlls.blogs.sapo.pt/,0
https://michelin.ru/,0
https://tellaroso.com.br/,0
https://lindatol.com/,0
https://kitapkaynagi.com/,0
https://afreecatv.jp/,0
https://moretechtips.net/,0
https://graebel.com/,0
https://phimok.com/,0
https://mnhjy.com/,0
http://sitesumo.com/,1
https://womenssquare.in/,0
https://incubaweb.com/,0
https://wowace.com/,0
https://tarafal.com/,0
https://sloboda.hr/,0
https://google.is/,0
https://wertheimvillage.com/,0
https://ez66.com.tw/,0
https://omp-apotheke.de/,0
http://smscaixaacesso.hol.es/,1
https://businessplanjournal.com/,0
https://crymore.biz/,0
https://lawson-his.co.uk/,0
http://olenelife.com/,1
https://pdfrotate.com/,0
https://tarriesd.com/,0
https://eyeslipsface.nl/,0
https://primeralinea.es/,0
https://chocolatetin.org/,0
https://barfers-wellfood.de/,0
https://yippster.com/,0
https://baltiazadari.com/,0
https://burdastyle.ru/,0
https://gamebase64.com/,0
https://free-av-douga.com/,0
https://ghostbikes.com/,0
https://mediafire.com/,0
https://herbfarmacy.pl/,0
https://mmt.zp.ua/,0
http://www.nnordson.com/,1
https://capracotta.com/,0
https://vfeditor.com/,0
https://acha.org/,0
https://pichoststone.com/,0
https://guilty.co.il/,0
https://xxxsea.com/,0
https://rmm.cl/,0
http://incrivelpromocaomaster17.16mb.com/,1
https://papeldepapel.com.br/,0
http://cover-acct789345.esy.es/,1
https://fpress.gr/,0
https://nabazar.net.ua/,0
https://atatech.org/,0
https://iautos.cn/,0
https://e-pale.jp/,0
http://cargo-hangnadim.com/,1
https://cdesign.kingeshop.com/,0
https://prehackedgames.com/,0
https://grandhotel.se/,0
https://i-pottytraining.com/,0
https://tankedup-imaging.com/,0
https://cbre.co.in/,0
https://isn.co.kr/,0
https://wacai.com/,0
https://vermintide.com/,0
https://muj-antikvariat.cz/,0
https://fotobugil48.com/,0
https://91rock.com.br/,0
https://librus.pl/,0
https://immobilier-neuf.com/,0
https://lilholes.com/,0
https://spinrilla.com/,0
https://tourganize.com/,0
https://noanix.com/,0
https://worldcupkabaddi2015.com/,0
https://bligoo.com.ar/,0
https://gunaxin.com/,0
https://baharestaneh.ir/,0
https://lubras.com.br/,0
https://deradios.com/,0
https://fmm.org.my/,0
https://westwoodmx.co.jp/,0
https://co-story.net/,0
http://30horasdigital.myvnc.com/,1
https://conservativepapers.com/,0
https://youshengtushuguan.com/,0
https://tsnik.kz/,0
https://dussmann-coolcooking.eu/,0
https://occultic.net/,0
https://kotybrytyjskiebettigirls.pl/,0
https://bitsicilia.com/,0
http://previewphotos.16mb.com/,1
https://sorprendentesnoticiass.com.ve/,0
https://advisor.com/,0
https://espiarconversacionesdewhatsapp.com/,0
https://mcdavidhondafrisco.com/,0
https://allpaws.com/,0
https://calculadora.name/,0
https://wo.com.cn/,0
http://offerup.com------------------login-confirm-account.aggly.com/,1
https://ihchrysler.com/,0
https://energyversity.com/,0
https://propreports.com/,0
https://apu.edu/,0
https://condoinvancouver.ca/,0
https://livegrannysex.net/,0
https://nusendacu.org/,0
https://koryogroup.com/,0
https://familyjr.ca/,0
https://appsforpcon.com/,0
https://cosplay-doga.net/,0
http://get-verifi.esy.es/,1
https://grossarltal.info/,0
https://tribestlife.com/,0
https://zskj.cz/,0
https://luksbrands.co.za/,0
https://chungnam.go.kr/,0
https://itadka.com/,0
https://lyonscg.com/,0
https://warmup.co.uk/,0
https://py3k.cn/,0
https://ozarkanglers.com/,0
https://livelifehappy.com/,0
http://festivalbecause.org/,1
https://trainingforwarriors.com/,0
http://new72matchphotos.890m.com/,1
https://antv.gov.vn/,0
https://tvxlive.com/,0
https://xn--ssd-j73b1ca4z.com/,0
https://dadsoftlinks2.blogspot.com/,0
https://derscalisiyorum.com.tr/,0
https://rascenki.com.ua/,0
https://legales.com/,0
https://magicspa.net/,0
https://ufifa.com/,0
https://999coloringpages.com/,0
https://noktadan.com/,0
https://tranex-ng.com/,0
https://dekorcasa.com/,0
https://commcarehq.org/,0
https://goserial.pl/,0
https://bachelorsportal.eu/,0
https://federation-drone.org/,0
https://southernfabric.com/,0
https://larapedia.com/,0
https://cobizz.de/,0
https://trendycovers.com/,0
https://hotelscombined.com/,0
https://advanced-media.co.jp/,0
http://medicareindiana.com/,1
https://ando-shoe.com/,0
https://ventraip.com.au/,0
https://itstudio.co/,0
https://irisholidays.com/,0
https://likemylink.in/,0
https://iranfilm256.com/,0
https://creampiethais.com/,0
https://eoriginal.ro/,0
https://epostoffice.gov.in/,0
https://keenelandselect.com/,0
https://passionemamma.it/,0
https://powerbaal.com/,0
https://ftwilliam.com/,0
https://vinesmart.com/,0
https://blend-hc.com/,0
https://zoffio.com/,0
https://purina.com.au/,0
https://eostroleka.pl/,0
http://kalempong-fb01.esy.es/,1
https://aromka.com.ua/,0
https://hunilisozluk.com/,0
https://jvfocus.com/,0
https://dailies.com/,0
http://studycanberra.com/,1
https://dfb.de/,0
https://humoralotico.com/,0
https://cashbuildonline.co.za/,0
https://webshop-reviews.com.br/,0
http://fgtsconsultainativos.com/,1
https://hartlauer.at/,0
https://more-idey.ru/,0
https://mundodosbancos.com/,0
https://motobay.com.mx/,0
https://famewatcher.com/,0
https://overlandsummers.com/,0
http://adsensemart.com/,1
https://247zilla.com/,0
https://linhvnxk.com/,0
https://cmo2o.com/,0
https://trewmarketing.com/,0
https://gartenbista.de/,0
https://glitzandgrammar.co.za/,0
https://findwhocallsme.com/,0
https://freesexcam365.com/,0
https://lepionline.com/,0
https://kotajogja.com/,0
https://ehorney.tv/,0
https://coordinate-gps.it/,0
https://indium.com/,0
https://destinia.com/,0
https://cdninstagram.com/,0
https://veebase.eu/,0
https://fnacplay.com/,0
https://immersivemedia.com/,0
https://buycheapsoftware.com/,0
https://loopback.io/,0
https://firsttrm.com/,0
https://marzieh1379.blogfa.com/,0
https://bernhard-gaul.de/,0
http://lepoker-en-ligne.com/,1
https://open-download.com/,0
https://stepsmut.com/,0
http://bloggersport.org/,1
http://backup.din-14675.de/,1
https://iguanamouth.tumblr.com/,0
https://altgirlmedia.com/,0
https://blueclawsearch.co.uk/,0
https://constantin-film.de/,0
https://810whb.com/,0
https://muslib.ru/,0
http://w-reia.com/,1
http://extratofgtsonline.com/,1
http://cabinetelendil.be/,1
https://baojianwood.com/,0
https://maharfanabzar.com/,0
https://smartmarket.lk/,0
https://int-naset.com/,0
https://ddict.me/,0
https://eclkspbn.com/,0
https://blogjackphone.com/,0
http://recover8544.esy.es/,1
https://pinkies.de/,0
https://truvatech.com/,0
https://reisacher.de/,0
https://maritimequest.com/,0
https://livingwellandsuccessfulcm.wordpress.com/,0
https://gewinn.com/,0
https://ibtikarworld.com/,0
https://portaldoface.info/,0
https://corpbank.com/,0
https://identifyyourbreyer.com/,0
https://samurai-golf.net/,0
https://heyflock.com/,0
https://mitesp.tumblr.com/,0
https://kamacharitra.com/,0
https://atslab.com/,0
https://websurveymaster.com/,0
https://minrol.gov.pl/,0
https://follow-holdon.fr/,0
https://x3r.net/,0
https://profiwiki.com/,0
https://streckenflug.at/,0
https://golosebig.com/,0
https://rackwarehouse.com/,0
https://nationaljournal.com/,0
https://skipprichard.com/,0
https://lafayetteny.com/,0
https://jcmiras.net/,0
http://www.clickimagem.pt/,1
https://xsjme.com/,0
https://maghrebspace.com/,0
https://chatmem.com/,0
https://codicepostale.co/,0
https://xpg.com.br/,0
https://kqtrain.net/,0
https://guiagopro.com.br/,0
https://allomonsite.com/,0
https://sha.org/,0
https://simplycanning.com/,0
https://3bhk-apartment.com/,0
https://kazahskieroda.kz/,0
https://epost.de/,0
https://studyassist.gov.au/,0
https://ropeaccess.pl/,0
https://senzey.com/,0
https://pakconsulatela.org/,0
https://hackindia.io/,0
https://poet.hu/,0
https://banglamusic.com/,0
https://kuwait-mmm.net/,0
https://azams.tmall.com/,0
https://prodesignit.com/,0
https://thetruckstop.us/,0
https://hepan.com/,0
https://raspbian-france.fr/,0
https://gaslamp.org/,0
https://topexperti.ro/,0
https://2captcha.com/,0
https://lourugby.fr/,0
https://sunpromotions.com/,0
https://tabligheirani.com/,0
https://freemagictricks4u.com/,0
https://beyondup.es/,0
https://marinamele.com/,0
https://activeeurope.com/,0
https://camera-obscura.net/,0
https://sitemetrix.ir/,0
https://renault-auto.kz/,0
https://fordikinciel.com/,0
https://selflinux.org/,0
http://www.adsensemart.com/,1
https://doseofcolors.com/,0
https://osoroshian.com/,0
https://plancheck.com/,0
https://yearofmoo.com/,0
https://logilangue.com/,0
https://harveker.com/,0
https://ru-klukva-ru.livejournal.com/,0
https://eset-key.ru/,0
http://ardobiejewska.pl/,1
https://informationsecuritybuzz.com/,0
https://kiem-tv.com/,0
https://educents.com/,0
http://verifyonline.live/,1
https://fibersensing.com/,0
https://erzurumolay.com/,0
https://stv-online.ru/,0
https://serpiq.com/,0
https://infoscout.co/,0
https://4thdimension.xyz/,0
https://andsotobed.co.uk/,0
https://it.net/,0
http://peloclub.com/,1
http://payqal-com-secured.user-recover-id.igg.biz/,1
https://canararobeco.com/,0
https://ten-thousands-hobbits.tumblr.com/,0
https://yardiasp13.com/,0
https://ntvplus.ru/,0
https://candeohotels.com/,0
https://freedirectory-list.com/,0
http://www.samanesang.com/,1
https://mxlmics.com/,0
https://baykar-fashion.ru/,0
https://mjaybennett.com/,0
https://stylight.com/,0
http://bunchyogurt.com/,1
https://sleepopolis-mattress-reviews.com/,0
https://sociedademilitar.com.br/,0
https://rebuildyourvision.com/,0
https://getmercedesparts.com/,0
https://stluciesheriff.com/,0
https://spic.com.cn/,0
https://pionier.net.pl/,0
https://backyard-shop.de/,0
http://133.130.103.10/,1
https://citi.cn/,0
https://mouthwatchers.com/,0
https://memberful.com/,0
https://salesplatform.ru/,0
https://svenskabostader.se/,0
https://yesfarma.com/,0
https://thinkwide.pt/,0
https://dpp-kai.org/,0
https://catalogostiendasjumbo.co/,0
https://swire.com/,0
https://welovewp.com/,0
https://othermusik.com/,0
https://helfi.nl/,0
http://centreforcorporatecoaching.com/,1
https://abeasy.de/,0
https://elab.ph/,0
https://techdata.fr/,0
https://mhetarhealthcare.in/,0
https://decor-rent.com/,0
https://phoenixconventioncenter.com/,0
https://hbpro.ru/,0
https://cg54.fr/,0
https://anbaa-elsaa.com/,0
https://noet.com/,0
https://aciddrop.com/,0
https://gomowgli.in/,0
https://hogarium.es/,0
https://bannersonthecheap.com/,0
https://planospara.com/,0
https://guitarhq.com/,0
https://sulamericasaudesa.com.br/,0
https://levelvibesradio.com/,0
https://rivokids.com/,0
https://cityexpress.rs/,0
https://sport-shop.in.ua/,0
http://deltaseguridadbolivia.com/,1
https://ekaterinasmolina.ru/,0
https://samuraysport.com/,0
https://sexteentubes.com/,0
https://astrologyking.com/,0
http://crimsonadvisorygroup.com/,1
https://era.la/,0
https://clean-pc.co.kr/,0
https://mein-tegernsee.de/,0
https://ateliervisioneurope.com/,0
https://pfj.cn/,0
http://www.jomjb.com/,1
https://hustlermoneyblog.com/,0
https://mill-tv.com/,0
https://touchtalent.com/,0
http://caixa.extratofgtsliberados2017.com/,1
https://yournamepro.com/,0
https://monthlymentorclub.com/,0
https://unirsm.sm/,0
https://thestylishsophisticate.com/,0
https://piyasadoviz.com/,0
https://danielbelik.com/,0
https://indigorenderer.com/,0
https://medpets.de/,0
https://droidcool.com/,0
http://wildfor.life/,1
https://rsmap.net/,0
https://ventcenter.com.br/,0
https://clipytut.ru/,0
http://www.crielv.com.br/,1
https://workcast.com/,0
https://fortheloveofseo.com/,0
https://k-fee-system.com/,0
https://healthflicks.com/,0
https://ca-crm.com/,0
https://newbillion.cn/,0
https://playstation.tmall.com/,0
http://fgts-inativados.com/,1
https://prostye-recepty-dlja-multivarki.ru/,0
https://mahjongbliss.com/,0
http://help-fb-contact.hol.es/,1
https://online.de/,0
http://diariapromotionspecial.com/,1
https://100mv.com/,0
http://sistemaconsultainativos.com/,1
https://tnb22.com/,0
https://anm.it/,0
https://vanquis.co.uk/,0
https://visitguatemala.com/,0
https://mmsonline.com/,0
https://iranto.ca/,0
https://expansys.jp/,0
https://bali-motorbike-rental.com/,0
https://apparentlifestyle.com/,0
https://diag.pl/,0
https://okn.me/,0
http://krishworldwide.com/,1
https://motherteresawomenuniv.ac.in/,0
https://luatvietnam.vn/,0
https://myfreezoo.fr/,0
https://investmentp.com/,0
https://cercoincontri.com/,0
https://3dsmx.com/,0
https://clasicosbasicos.com/,0
https://indoreg.co.id/,0
https://vanier.gc.ca/,0
https://ecg-pnum.ir/,0
http://novavidasamambaia.com.br/,1
https://fisek.com.tr/,0
https://carmudi.com.sa/,0
https://kope.es/,0
https://stevejodiweber.com/,0
http://www.southerncomfortmechanical.ca/,1
https://snowgang.com/,0
https://nscs.org/,0
https://hostpapasupport.com/,0
https://tau.edu.gy/,0
https://xmindchina.net/,0
https://vivutravel.fr/,0
https://mamp.info/,0
https://firesafetywishlist.com/,0
https://fieldaware.com/,0
https://schurpf.com/,0
https://genmirror.com/,0
https://hanksville.org/,0
https://identitymindglobal.com/,0
https://superiorradiant.com/,0
https://asanzaban.com/,0
https://kupinedorogo.ru/,0
https://bloggymoms.ning.com/,0
https://populer.web.id/,0
https://newstyle.com.br/,0
https://bilgiyuvasi2016.com/,0
https://deliciouseveryday.com/,0
https://sakurabaryo.com/,0
https://americhoice.com/,0
http://www.goepsa.com/,1
https://siyakeram.in/,0
https://yamap.co.jp/,0
https://shonan-web.jp/,0
https://imageresizer.net/,0
https://mantelligence.com/,0
https://sevgigsm.net/,0
https://ads711.com/,0
https://verkeerplaza.nl/,0
https://sgmpro.com/,0
https://ulop.net/,0
https://inventoryops.com/,0
https://resulullah.org/,0
https://finescrollsaw.com/,0
http://safety-acct-003342.esy.es/,1
https://in-photoart.com/,0
https://fiau.ac.ir/,0
https://dawoodi-bohras.com/,0
http://emaillsantander.com/,1
https://moviereview.asia/,0
https://quotes-motivational.com/,0
https://newspedia.it/,0
https://pomukybezed.com/,0
https://webdesigncrowd.com/,0
https://elxenon.ru/,0
https://blinds-2go.co.uk/,0
https://businessguide.in/,0
https://bahisehri.com/,0
https://burgenland.at/,0
https://premiumwebguide.com/,0
https://sbkmall.com/,0
https://rishabhsoft.com/,0
https://kalibi.pl/,0
https://uniface.kz/,0
https://elbe7iranews.com/,0
https://lorrainepascale.com/,0
https://tanda.co/,0
https://global-market.fr/,0
https://shaklee.com/,0
https://mandrivea.blogspot.co.id/,0
https://zdrowiefit.pl/,0
https://bookriver.ru/,0
https://expeert.com/,0
https://teamsnapsites.com/,0
https://esc.vn/,0
https://skipandgiggle.com/,0
https://militarysingles.com/,0
https://zipalerts.com/,0
http://www.sicoobcard.net.br/,1
https://hotavxxx.com/,0
https://search.bg/,0
https://aljumhuriya.net/,0
http://goterbox33.esy.es/,1
https://kyonyu-ya.com/,0
https://sportaq.com/,0
https://wesbos.com/,0
https://lghausys.com/,0
https://biocision.com/,0
https://learningpod.com/,0
https://planetwaves.com/,0
https://domajedoma.cz/,0
https://sexlicks.com/,0
https://mariontax.com/,0
https://geniosdelbalon.com/,0
https://littlegiantxtreme.com/,0
https://avangmusic.co/,0
http://pursorder.esy.es/,1
https://myseason.gr/,0
https://adtsecurity.com/,0
https://comoboca.tmall.com/,0
https://emanueleferrari.blogspot.it/,0
http://149.56.144.216/,1
https://studioneo.com.br/,0
https://88gals.com/,0
https://yas-theme.com/,0
https://szeneshop.com/,0
https://purposemedia.co.uk/,0
http://www.whatsapservice.com/,1
https://bee-bot.us/,0
https://odoa.nl/,0
https://nasledie.ru/,0
https://liveonlinetv247.info/,0
https://irbfocus.com/,0
https://shrinkabulls.com/,0
http://promotion-smart.com/,1
https://viking-direct.co.uk/,0
https://himhelp.ru/,0
https://awesomeamsterdam.com/,0
http://www.neymo.org/,1
https://fujiarts.com/,0
https://sasu.cn/,0
https://cleverlyinspired.com/,0
http://pleasantonassembly.org/,1
https://locanto.com.ve/,0
https://wpspade.com/,0
https://hanamidori.net/,0
http://service-info-il.hol.es/,1
https://playerpage4017.info/,0
https://binarymathex.com/,0
https://free-flash-game.net/,0
https://gdeal.com.my/,0
https://sportsmanoutfitters.com/,0
https://mocko.org.uk/,0
https://notedivino.bg/,0
https://motokinisi.gr/,0
https://ngo.by/,0
https://remontmebliv.lviv.ua/,0
https://oldschoollabs.com/,0
https://kpc.co.ke/,0
https://almaryahisland.ae/,0
https://thefriendshipblog.com/,0
https://plangrid.com/,0
https://aspnix.com/,0
https://acadian-asset.com/,0
https://taroman.ru/,0
https://dq10ragu.com/,0
https://hensdesign.nl/,0
http://blocked-notifications.co.nf/,1
https://freeincestsites.net/,0
https://visa-asia.com/,0
https://e656.net/,0
https://bidswitch.com/,0
https://candydirect.com/,0
https://flamantis.com/,0
https://gharonde.com/,0
https://avfantasy.com/,0
https://appleinsider.com/,0
https://trypap.com/,0
https://hairstopandshop.com/,0
https://room.co/,0
https://unipg.it/,0
https://tutipo.space/,0
https://claphamtaxi.com/,0
https://mobiloka.com/,0
https://4turista.ru/,0
https://sergiodelamo.es/,0
http://gem.tools/,1
https://sbobet178.com/,0
https://gruppozenit.com/,0
https://puntuit.nl/,0
https://shoestring.com/,0
https://cbemperorforever.com/,0
https://ykacademi.com/,0
https://hcv.ru/,0
http://yokohamajijyou.com/,1
https://xn--zck3adi4kpbxc7d.com/,0
https://videoszoofilia.org/,0
https://geekstoy.com/,0
https://beren.nl/,0
https://threeriversparks.org/,0
https://nurotan.kz/,0
https://lejournaldelamaison.fr/,0
https://abexpo.com/,0
https://opozi.ru/,0
https://perfow.com.br/,0
https://planeatusfinanzas.com/,0
https://oslpasteur.com.ar/,0
https://medicedu.ru/,0
https://blogbankir.ru/,0
https://webmiles.ch/,0
https://tcsem.ir/,0
https://par.cn/,0
https://losnogales-spa.com/,0
https://civicsource.com/,0
https://club21.org/,0
https://grupones.com.bo/,0
https://wiki-travaux.com/,0
https://webon-thailand.com/,0
https://equivalenza.com/,0
https://merchantsinfo.com/,0
https://wowexpress.in/,0
https://sinohydro.com/,0
https://playboywebmasters.com/,0
https://volhovec.ru/,0
https://ucfpay.com/,0
https://fietsenopfietsen.nl/,0
https://56558.com/,0
https://thebreak.pl/,0
https://sadas-pea.gr/,0
https://pogodnie.pl/,0
https://herohomes.in/,0
https://nyphil.org/,0
https://utfsm.cl/,0
https://vulkan-omsk.ru/,0
https://myapptemplates.com/,0
http://novotelbd.asia/,1
https://speedway-press.ru/,0
https://xdesi.net/,0
https://wapblust.com/,0
https://trib.al/,0
https://cfigroup.com/,0
http://Summerseason.tavapirts.lv/,1
https://ps3hits.ru/,0
https://oac.co.in/,0
https://softwarecart.in/,0
http://goodnessvanillalive.com/,1
https://waterman.com/,0
https://noswollenveins.info/,0
https://freesatoshi.com/,0
https://sixflow.net/,0
https://simplybe.com/,0
https://bookdoreille.com/,0
https://malekal8.com/,0
https://encheres113.com/,0
https://theproaudiofiles.com/,0
https://flexible.gs/,0
https://theallium.com/,0
https://oldmanboytube.com/,0
https://shubon.ru/,0
https://ifmedia.gr/,0
https://baynoona.net/,0
https://zgqdrc.com/,0
https://anaktelkom.com/,0
https://linphilip.com/,0
http://hydracsa.com/,1
https://www.gov.sg/,0
https://uranailady.com/,0
https://hoeveelkrijgjij.nl/,0
https://mysarzamin.in/,0
https://soomal.com/,0
https://sitmeanssit.com/,0
https://wasatch.edu/,0
https://pbxinaflash.com/,0
https://ncmedical.com/,0
https://reliable.co.in/,0
http://mobile-free.kofoed-fr.com/,1
https://chastnik.ru/,0
https://milanode.gr/,0
https://yummynummies.com/,0
https://webtran.fr/,0
https://itextpdf.com/,0
https://oldpornwhore.com/,0
https://brooks.com/,0
https://mwakilishi.com/,0
http://horizongarments.com/,1
https://ekoray.ru/,0
https://jugend-und-bildung.de/,0
https://rafm.com/,0
http://paypal.gb-ppsweb.com/,1
http://support-fb-page.hol.es/,1
https://whistles.com/,0
https://micromatic.com/,0
https://cwsitetrack.com/,0
https://lg-phone-firmware.com/,0
https://toptoon.com.tw/,0
https://momentology.com/,0
https://shopnicekicks.com/,0
http://www.desertsportswear.com/,1
https://movifun.pe/,0
https://electromacua.com/,0
https://chujian.im/,0
https://varsitycollege.co.za/,0
https://montrosepress.com/,0
https://atuttalim.it/,0
https://jefunited.co.jp/,0
https://homeinstead.ie/,0
https://sadranews.ir/,0
https://nhunghinhxamdep.com/,0
https://office-discount.de/,0
http://dh16.co.vu/,1
https://djbd.net/,0
https://piedmont.org/,0
https://iblazr.com/,0
https://tamdiem.net/,0
https://dso-planer.de/,0
https://directorblue.blogspot.com/,0
https://royalfurniture.com/,0
https://bench.ca/,0
https://gayshore.com/,0
https://440.ng/,0
https://cmpc.cl/,0
https://daniellocutor.com.br/,0
https://colt-speed.com/,0
https://cowboys4angels.com/,0
https://fitnessfirst.co.uk/,0
http://alexanderpetricek.com/,1
https://persianpet.org/,0
http://www.gem.tools/,1
https://vybortv.ru/,0
https://artberman.com/,0
https://cstudonet.com.br/,0
https://datetoday.info/,0
https://myblueandwhitekitchen.com/,0
https://wanderingearl.com/,0
https://rocknovels.com/,0
https://associationforum.org/,0
http://acct-recover7895345.esy.es/,1
https://odkurzaczexxl.pl/,0
https://directacredit.com/,0
http://contasinativascaixafgts.name/,1
https://marketuned.com/,0
https://ibep.ir/,0
https://providenceltddesign.com/,0
https://medequipdepot.com/,0
https://nudeshall.com/,0
http://www.santiagoingaramo.com.ar/,1
https://pilot.ua/,0
https://prokanash.ru/,0
https://iowapoliticsnow.com/,0
https://straysonline.com/,0
https://bpmellat.ir/,0
https://xhd.cn/,0
https://collabim.com/,0
https://blue-odc.be/,0
https://hobimayakkabi.com/,0
http://netibesanta.esy.es/,1
https://parentswhoneedscotch.com/,0
https://afdb.fr/,0
https://firstbgg.com/,0
https://chimicare.org/,0
https://ticketprodome.co.za/,0
https://bigboxlive.com/,0
http://bibliophile.free.fr/,1
https://freeflysystems.com/,0
https://rhodesbread.com/,0
https://seha-liga.com/,0
https://punjab.gov.in/,0
https://tefox.net/,0
https://traxontechnologies.com/,0
https://usawebproxy.com/,0
https://iea.org.uk/,0
https://freeliveradio.net/,0
https://sweetmonday.co.uk/,0
https://compufacil.com.ve/,0
https://strongloop.com/,0
https://modulesgarden.com/,0
http://rooferexpert.com/,1
https://manticblog.com/,0
http://abuv.com.br/,1
https://kasetloongkim.com/,0
https://tehranhair.com/,0
https://teuco.ru/,0
https://goldcows.com/,0
https://exiled-bot.net/,0
https://okremont.com/,0
https://persinnovatie.nl/,0
http://dhiyaselectric.co.id/,1
https://biznesforum.bg/,0
https://mengyem.com/,0
https://atoz.pw/,0
https://mahouka.jp/,0
https://nianhuawang.info/,0
https://online-startups.com/,0
https://frapbois.jp/,0
https://axelon.com/,0
